-- --------------------------------------------------------
-- Servidor:                     127.0.0.1
-- Versão do servidor:           5.7.33 - MySQL Community Server (GPL)
-- OS do Servidor:               Win64
-- HeidiSQL Versão:              12.8.0.6908
-- --------------------------------------------------------

/*!40101 SET @OLD_CHARACTER_SET_CLIENT=@@CHARACTER_SET_CLIENT */;
/*!40101 SET NAMES utf8 */;
/*!50503 SET NAMES utf8mb4 */;
/*!40103 SET @OLD_TIME_ZONE=@@TIME_ZONE */;
/*!40103 SET TIME_ZONE='+00:00' */;
/*!40014 SET @OLD_FOREIGN_KEY_CHECKS=@@FOREIGN_KEY_CHECKS, FOREIGN_KEY_CHECKS=0 */;
/*!40101 SET @OLD_SQL_MODE=@@SQL_MODE, SQL_MODE='NO_AUTO_VALUE_ON_ZERO' */;
/*!40111 SET @OLD_SQL_NOTES=@@SQL_NOTES, SQL_NOTES=0 */;

-- Copiando estrutura para tabela treinamento-raddar-2025.app_config
CREATE TABLE IF NOT EXISTS `app_config` (
  `id` int(11) NOT NULL AUTO_INCREMENT,
  `campo` varchar(300) DEFAULT NULL,
  `label` varchar(300) DEFAULT NULL,
  `instrucao` varchar(300) DEFAULT NULL,
  `valor` text,
  PRIMARY KEY (`id`),
  KEY `app_config_campo_index` (`campo`)
) ENGINE=InnoDB AUTO_INCREMENT=74 DEFAULT CHARSET=latin1;

-- Copiando dados para a tabela treinamento-raddar-2025.app_config: ~43 rows (aproximadamente)
INSERT IGNORE INTO `app_config` (`id`, `campo`, `label`, `instrucao`, `valor`) VALUES
	(1, 'titulo_home', 'Título Página Inicial', 'Esse título estará apenas na página inicial', '"ASTHAMED"'),
	(2, 'titulo_site', 'Nome do site', 'Esse título estará em todas as páginas do site logo após o título principal (ex: Blog | Nome do site)', '"ASTHAMED"'),
	(3, 'image_logo', 'Logo Principal', 'Logo principal do site', '{"url":"logo.png","status":true}'),
	(4, 'image_rodape', 'Logo Rodapé', 'Logo do rodapé', '{"url":"logo-rodape.png","status":true}'),
	(5, 'image_email', 'Logo E-mail', 'Logo para e-mails enviados', '{"url":"logo-rodape.png","status":true}'),
	(6, 'favicon', 'Favicon', 'Ícone na aba do navegador', '{"url":"fav-icon.png","status":true}'),
	(7, 'description', 'Description', 'Description padrão do site', ''),
	(26, 'telefones', 'Telefone(s) e WhatsApp(s)', '', '[{"label":"Telefone","tipo":"ddd","destino":"telefone","mensagem":"","exibir":"N\\u00famero com DDD","exibir2":"Liga\\u00e7\\u00e3o","number":"(33) 33333-3333"},{"label":"Whatsapp","tipo":"ddd","destino":"whatsapp","mensagem":"Ol\\u00e1, gostaria de saber mais sobre o produto :produto","exibir":"N\\u00famero com DDD","exibir2":"WhatsApp","number":"(99) 99999-9999"}]'),
	(27, 'redes', 'Canais e redes sociais', '', '[{"titulo":"Instagram","valor":"https:\\/\\/www.instagram.com\\/asthamedhospitalar\\/"},{"titulo":"Google","valor":"https:\\/\\/www.google.com\\/search?q=ASTHAMED&rlz=1C1CHZN_pt-BRBR986BR986&oq=AS&gs_lcrp=EgZjaHJvbWUqEQgAEEUYJxg7GOMCGIAEGIoFMhEIABBFGCcYOxjjAhiABBiKBTIVCAEQLhgnGK8BGMcBGIAEGIoFGI4FMhAIAhAuGMcBGLEDGNEDGIAEMgYIAxBFGDkyBggEEEUYPDIGCAUQRRg8MgYIBhBFGDwyBggHEEUYPNIBBzgzMWowajSoAgCwAgE&sourceid=chrome&ie=UTF-8#lrd=0x935ef0d9f025ca35:0x1067d661ac16b1d,1,,,,"},{"titulo":"Facebook","valor":"https:\\/\\/www.facebook.com.br\\/"},{"titulo":"Youtube","valor":"https:\\/\\/www.youtube.com.br\\/"}]'),
	(28, 'unidades', 'Unidades', '', '[{"unidade":"Aparecida de Goi\\u00e2nia","valor":{"telefones":{"value":{"valor":[{"label":"Unidade Goi\\u00e2nia","tipo":"ddd","destino":"telefone","mensagem":"","exibir":"N\\u00famero com DDD","exibir2":"Liga\\u00e7\\u00e3o","number":"(62) 3333-3333"}]},"internal":true},"redes":{"value":{"valor":[{"titulo":"operacao","valor":"Em opera\\u00e7\\u00e3o desde 1994"},{"titulo":"email","valor":"comercial03@asthamed.com.br"}]}}},"iframe":"<iframe src=\\"https:\\/\\/www.google.com\\/maps\\/embed?pb=!1m18!1m12!1m3!1d5034.3699820895945!2d-49.295254024849434!3d-16.749312684033182!2m3!1f0!2f0!3f0!3m2!1i1024!2i768!4f13.1!3m3!1m2!1s0x935ef0d9f025ca35%3A0x1067d661ac16b1d!2sAsthamed!5e1!3m2!1spt-BR!2sbr!4v1735826311694!5m2!1spt-BR!2sbr\\" width=\\"600\\" height=\\"450\\" style=\\"border:0;\\" allowfullscreen=\\"\\" loading=\\"lazy\\" referrerpolicy=\\"no-referrer-when-downgrade\\"><\\/iframe>","link":"https:\\/\\/maps.app.goo.gl\\/KUHubCvx2g3YahWb9","endereco":"R. Dona Juraci de Paula Teixeira, Quadra 13, Lote 13\\/15,  Bairro Ilda","cep":"74935-640","cidade":"Aparecida de Goi\\u00e2nia","estado":"GO","imagem":{"value":{"valor":{"url":"","status":true}}}}]'),
	(29, 'formularios', 'Formulários', '', '[{"descricao":"Carrinho","assunto":"Carrinho","form_name":"carrinho","template":"<p>Ol&aacute;, %%nome%%!<br \\/>\\nRecebemos seu contato e retornaremos em breve.<\\/p>\\n","emails":[],"emails_rodizio":[],"rodizio_chave":0},{"descricao":"Contato","assunto":"Contato","form_name":"contato","template":"<p>Ol&aacute;, %%nome%%!<br \\/>\\nRecebemos seu contato e retornaremos em breve.<\\/p>\\n","emails":[]},{"descricao":"D\\u00favidas","assunto":"D\\u00favidas","form_name":"duvidas","template":"<p>Ol&aacute;, %%nome%%!<br \\/>\\nRecebemos seu contato e retornaremos em breve.<\\/p>\\n","emails":[],"emails_rodizio":[],"rodizio_chave":0},{"descricao":"Or\\u00e7amento R\\u00e1pido","assunto":"Or\\u00e7amento","form_name":"cotacao","template":"<p>Ol&aacute;, %%nome%%!<br \\/>\\nRecebemos seu contato e retornaremos em breve.<\\/p>\\n","emails":[],"emails_rodizio":[],"rodizio_chave":0},{"descricao":"Programa ASTHAMED","assunto":"Programa ASTHAMED","form_name":"programa","template":"<p>Ol&aacute;, %%nome%%!<br \\/>\\nRecebemos seu contato e retornaremos em breve.<\\/p>\\n","emails":[],"emails_rodizio":[],"rodizio_chave":0},{"descricao":"Quer saber mais","assunto":"Contato","form_name":"index_quer_saber_mais","template":"<p>Ol&aacute;, %%nome%%!<br \\/>\\nRecebemos seu contato e retornaremos em breve.<\\/p>\\n","emails":[],"emails_rodizio":[],"rodizio_chave":0},{"descricao":"Esse formul\\u00e1rio est\\u00e1 na p\\u00e1gina teste","assunto":"Contato - seja bem vindo!","form_name":"nome_formulario","template":"<p>Ol&aacute; %%nome%%,<\\/p>\\n\\n<p>&nbsp; &nbsp; &nbsp;Recebemos o sua mensagem e entraremos em contato o mais breve poss&iacute;vel!<\\/p>\\n","emails":[],"emails_rodizio":[],"rodizio_chave":0}]'),
	(30, 'emails', 'E-mails que receberão os formulários', 'Estes e-mails receberão todos os formulários de contato do site', ''),
	(31, 'tagHead', 'Tag Manager (Head)', 'Google Tag Manager (Cabeçalho)', ''),
	(33, 'tagBody', 'Tag Manager (Body)', 'Google Tag Manager (Corpo)', ''),
	(34, 'smtp_host', 'Host', 'Host SMTP de disparo de e-mails', '"mail.raddar.dev.br"'),
	(35, 'smtp_email', 'E-mail', 'E-mail de disparo', '"disparo@raddar.dev.br"'),
	(36, 'smtp_senha', 'Senha', 'Senha do E-mail', '"vPsjSr9bl0a2^aO7p"'),
	(37, 'smtp_porta', 'Porta', 'Porta do Host, Ex: 587', '"465"'),
	(38, 'smtp_certificado', 'Certificado', 'Selecione o Certificado para uso no disparo', '"ssl"'),
	(46, 'keywords', 'Keywords', 'Keywords padrão do site, separe as palavras-chave com vírgulas', ''),
	(49, 'smtp_nome', 'Nome', 'Nome de exibição para envio', '"Raddar Digital"'),
	(52, 'menu', 'Menu', '', '[{"titulo":"Pagina Teste","page":null,"tipo":"editar","icone":"info","link":null,"filhos":[{"titulo":"Categorias","page":524,"tipo":"listar","icone":"list","link":null,"filhos":[],"exibir2":"Listar","busca":"categorias","exibir":"Categorias teste"},{"titulo":"Listagem","page":515,"tipo":"listar","icone":"list","link":null,"filhos":[],"exibir2":"Listar","busca":"teste","exibir":"P\\u00e1gina teste"},{"titulo":"Conte\\u00fado","page":515,"tipo":"editar","icone":"edit","link":null,"filhos":[],"exibir2":"Editar","busca":"teste","exibir":"P\\u00e1gina teste"}],"exibir2":"Editar"},{"titulo":"P\\u00e1gina Inicial","page":60,"tipo":"editar","icone":"home","filhos":[],"exibir2":"Editar","busca":"in","exibir":"P\\u00e1gina Inicial"},{"titulo":"Sobre","page":463,"tipo":"editar","icone":"info","link":null,"filhos":[],"exibir2":"Editar","busca":"nosso","exibir":"Nosso Escrit\\u00f3rio"},{"titulo":"Produtos","page":413,"tipo":"listar","icone":"security","filhos":[{"titulo":"Conte\\u00fado","page":413,"tipo":"editar","icone":"edit","link":null,"filhos":[],"exibir2":"Editar","busca":"serv","exibir":"Servi\\u00e7os"},{"titulo":"Listagem","page":413,"tipo":"listar","icone":"list","link":null,"filhos":[],"exibir2":"Listar","exibir":"Servi\\u00e7os"},{"titulo":"Categorias","page":474,"tipo":"listar","icone":"list","link":null,"filhos":[],"exibir2":"Listar","busca":"cate","exibir":"Produtos Categorias"},{"titulo":"Marcas","page":497,"tipo":"editar","icone":"list","link":null,"filhos":[],"exibir2":"Editar","busca":"marcas","exibir":"Marcas"}],"exibir2":"Listar","busca":"proce","exibir":"Procedimentos"},{"titulo":"Fornecedores","page":492,"tipo":"editar","icone":"edit","link":null,"filhos":[],"exibir2":"Editar","busca":"fornece","exibir":"Fornecedores"},{"titulo":"Depoimentos","page":null,"tipo":"editar","icone":"chat","link":null,"filhos":[{"titulo":"Conte\\u00fado","page":470,"tipo":"editar","icone":"edit","link":null,"filhos":[],"exibir2":"Editar","busca":"depoime","exibir":"Depoimentos"},{"titulo":"Listar","page":470,"tipo":"listar","icone":"list","link":null,"filhos":[],"exibir2":"Listar","busca":"dep","exibir":"Depoimentos"}],"exibir2":"Editar"},{"titulo":"D\\u00favidas","page":null,"tipo":"editar","icone":"help","link":null,"filhos":[{"titulo":"Conte\\u00fado","page":119,"tipo":"editar","icone":"edit","link":null,"filhos":[],"exibir2":"Editar","busca":"duvidas","exibir":"D\\u00favidas"},{"titulo":"Listar","page":119,"tipo":"listar","icone":"list","filhos":[],"exibir2":"Listar","busca":"d","exibir":"D\\u00favidas"}],"exibir2":"Editar"},{"titulo":"Blog","page":null,"tipo":"editar","icone":"list","link":null,"filhos":[{"titulo":"Conte\\u00fado","page":493,"tipo":"editar","icone":"edit","link":null,"filhos":[],"exibir2":"Editar","busca":"blog","exibir":"Blog"},{"titulo":"Listar","page":493,"tipo":"listar","icone":"list","link":null,"filhos":[],"exibir2":"Listar","busca":"blog","exibir":"Blog"},{"titulo":"Categorias","page":508,"tipo":"listar","icone":"list","link":null,"filhos":[],"exibir2":"Listar","exibir":"Blog Categorias"}],"exibir2":"Editar"},{"titulo":"Or\\u00e7amento","page":512,"tipo":"editar","icone":"attach_money","link":null,"filhos":[],"exibir2":"Editar","busca":"or\\u00e7amento","exibir":"Or\\u00e7amento"},{"titulo":"Fale Conosco","page":465,"tipo":"editar","icone":"phone","link":null,"filhos":[],"exibir2":"Editar","busca":"Fale","exibir":"Fale Conosco"},{"titulo":"Programa Asthamedcare","page":513,"tipo":"editar","icone":"edit","link":null,"filhos":[],"exibir2":"Editar","busca":"progr","exibir":"Programa"},{"titulo":"Termos de Uso","page":52,"tipo":"editar","icone":"gavel","filhos":[],"exibir2":"Editar","busca":"term","exibir":"Termos de Uso"},{"titulo":"Pol\\u00edtica de Privacidade","page":51,"tipo":"editar","icone":"gavel","filhos":[],"exibir2":"Editar","busca":"pol","exibir":"Pol\\u00edtica de Privacidade"}]'),
	(53, 'smtp_usuario', 'Usuário', 'Usuário do Servidor SMTP', '"disparo@raddar.dev.br"'),
	(54, 'emails_raddar', 'E-mails Raddar', 'Estes e-mails receberão cópias dos formulários de contato do site (sem confirmação de leitura)', ''),
	(55, 'cor_email', 'Cor E-mail', 'Cor de destaque do e-mail', '"#10404b"'),
	(56, 'crm', 'Habilitar CRM', 'Essa função ativa o módulo de CRM no site', ''),
	(57, 'emails_rodizio', 'E-mails que receberão os formulários em rodízio', 'Estes e-mails receberão todos os formulários do site em rodízio', ''),
	(58, 'emails_rodizio_registro', 'E-mails que já receberam no ciclo do rodízio', 'Estes e-mails já receberam e-mails no ciclo do rodízio', '[]'),
	(59, 'rd_habilitar', 'Habilitar CRM RD Station', 'Essa função ativa a integração com o CRM RD Station', ''),
	(60, 'rd_empresa_telefone', 'Campo Empresa Telefone', 'ID do campo Empresa Telefone', ''),
	(61, 'rd_empresa_email', 'Campo Empresa E-mail', 'ID do campo Empresa E-mail', ''),
	(62, 'rd_oportunidade_mensagem', 'Campo Oportunidade Mensagem', 'ID do campo Oportunidade Mensagem', ''),
	(63, 'rd_oportunidade_formulario', 'Campo Oportunidade Formulário', 'ID do campo Oportunidade Formulário', ''),
	(64, 'rd_oportunidade_email', 'Campo Oportunidade Telefone', 'Campo Oportunidade E-mail', ''),
	(65, 'rd_oportunidade_email', 'Campo Oportunidade Telefone', 'Campo Oportunidade E-mail', ''),
	(66, 'rd_fonte_oportunidade', 'Fonte Oportunidade', 'ID da fonte de oportunidades vindas da integração', ''),
	(67, 'rd_token', 'Token', 'Token de integração', ''),
	(68, 'rd_reabrir', 'Reabrir Oportunidades', 'Reabrir oportunidades fechadas ao receber novas interações do mesmo contato', ''),
	(69, 'crm_token', 'Token', 'Token de integração', ''),
	(70, 'nectar_habilitar', 'Habilitar CRM Nectar', 'Essa função ativa a integração com o CRM Nectar', ''),
	(71, 'nectar_token', 'Token', 'Token de integração com o CRM Nectar', ''),
	(72, 'nectar_campos_oportunidade', 'Campos Personalizados - Oportunidade', 'Use o campo "valor" para definir o valor padrão caso esteja vazio vindo do formulário', ''),
	(73, 'nectar_campos_contato', 'Campos Personalizados - Contato', 'Use o campo "valor" para definir o valor padrão caso esteja vazio vindo do formulário', '');

-- Copiando estrutura para tabela treinamento-raddar-2025.app_conteudo
CREATE TABLE IF NOT EXISTS `app_conteudo` (
  `id` int(11) NOT NULL AUTO_INCREMENT,
  `pai_id` int(11) DEFAULT NULL,
  `status` tinyint(4) DEFAULT NULL,
  `conf_pagina` tinyint(4) DEFAULT NULL,
  `conf_internas` tinyint(4) DEFAULT NULL,
  `conf_bloquear` tinyint(4) DEFAULT NULL,
  `conf_nao_excluir` tinyint(4) DEFAULT NULL,
  `filho_pagina` tinyint(4) DEFAULT NULL,
  `filho_internas` tinyint(4) DEFAULT NULL,
  `filho_nao_excluir` tinyint(4) DEFAULT NULL,
  `updated_at` datetime DEFAULT NULL,
  `created_at` datetime DEFAULT NULL,
  `ordem` int(11) DEFAULT '999',
  PRIMARY KEY (`id`),
  KEY `app_conteudo_pai_id_foreign` (`pai_id`),
  CONSTRAINT `app_conteudo_pai_id_foreign` FOREIGN KEY (`pai_id`) REFERENCES `app_conteudo` (`id`)
) ENGINE=InnoDB AUTO_INCREMENT=532 DEFAULT CHARSET=latin1;

-- Copiando dados para a tabela treinamento-raddar-2025.app_conteudo: ~70 rows (aproximadamente)
INSERT IGNORE INTO `app_conteudo` (`id`, `pai_id`, `status`, `conf_pagina`, `conf_internas`, `conf_bloquear`, `conf_nao_excluir`, `filho_pagina`, `filho_internas`, `filho_nao_excluir`, `updated_at`, `created_at`, `ordem`) VALUES
	(51, NULL, 1, 1, 0, 1, 1, 0, 0, 0, '2021-10-14 10:04:05', '2021-04-07 11:29:35', 999),
	(52, NULL, 1, 1, 0, 1, 1, 0, 0, 0, '2021-10-14 10:04:18', '2021-04-07 11:30:03', 999),
	(60, NULL, 1, 1, 0, 1, 1, 0, 0, 0, '2021-10-15 14:06:07', '2021-04-27 08:31:15', 999),
	(119, NULL, 1, 1, 1, 1, 1, 0, 0, 0, '2025-01-05 16:23:22', '2021-09-21 16:32:44', 999),
	(413, NULL, 1, 1, 1, 0, 1, 1, 0, 0, '2023-10-03 08:06:23', '2022-02-25 15:55:42', 999),
	(445, 119, 1, 0, 0, 0, 0, 0, 0, 0, '2023-11-13 14:57:49', '2023-10-04 17:10:25', 999),
	(447, 119, 1, 0, 0, 0, 0, 0, 0, 0, '2023-11-13 14:57:58', '2023-10-04 17:11:03', 999),
	(463, NULL, 1, 1, 0, 0, 0, 0, 0, 0, '2023-11-13 09:11:33', '2023-11-13 09:11:19', 999),
	(465, NULL, 1, 1, 0, 0, 0, 0, 0, 0, '2023-11-13 16:26:58', '2023-11-13 16:25:17', 999),
	(469, 119, 1, 0, 0, NULL, 0, NULL, NULL, NULL, '2023-11-16 12:16:38', '2023-11-16 12:16:38', 999),
	(470, NULL, 1, 1, 1, 1, 1, 0, 0, 0, '2025-01-05 13:58:10', '2024-08-30 10:47:12', 999),
	(471, 470, 1, 0, 0, 0, 0, 0, 0, 0, '2024-10-14 09:49:49', '2024-08-30 10:52:19', 999),
	(472, 470, 1, 0, 0, 0, 0, 0, 0, 0, '2025-01-03 14:07:58', '2024-10-14 09:50:10', 999),
	(473, 470, 1, 0, 0, 0, 0, 0, 0, 0, '2025-01-03 14:08:24', '2024-10-14 09:50:18', 999),
	(474, NULL, 1, 1, 1, 0, 0, 1, 0, 0, '2025-01-06 14:11:07', '2025-01-02 18:49:58', 999),
	(475, 474, 1, 1, 0, 0, 1, 0, 0, 0, '2025-01-06 14:11:17', '2025-01-02 18:57:47', 999),
	(476, 474, 1, 0, 0, 0, 1, 0, 0, 0, '2025-01-02 21:41:52', '2025-01-02 18:58:19', 999),
	(477, 474, 1, 1, 0, 0, 1, 0, 0, 0, '2025-01-06 14:11:27', '2025-01-02 18:58:40', 999),
	(478, 474, 1, 1, 0, 0, 1, 0, 0, 0, '2025-01-06 14:11:35', '2025-01-02 18:58:55', 999),
	(479, 474, 1, 1, 0, 0, 1, 0, 0, 0, '2025-01-06 14:11:31', '2025-01-02 18:59:20', 999),
	(480, 413, 1, 1, 0, NULL, 0, NULL, NULL, NULL, '2025-01-02 21:39:16', '2025-01-02 21:39:16', 999),
	(481, 413, 1, 1, 0, NULL, 0, NULL, NULL, NULL, '2025-01-02 21:39:33', '2025-01-02 21:39:33', 999),
	(482, 413, 1, 1, 0, 0, 0, 0, 0, 0, '2025-01-04 14:26:57', '2025-01-02 21:40:10', 999),
	(483, 413, 1, 1, 0, 0, 0, 0, 0, 0, '2025-01-04 14:27:48', '2025-01-02 21:40:22', 999),
	(484, 413, 1, 1, 0, 0, 0, 0, 0, 0, '2025-01-04 14:28:05', '2025-01-03 08:54:00', 999),
	(485, 413, 1, 1, 0, NULL, 0, NULL, NULL, NULL, '2025-01-03 08:54:10', '2025-01-03 08:54:10', 999),
	(486, 413, 1, 1, 0, NULL, 0, NULL, NULL, NULL, '2025-01-03 08:54:20', '2025-01-03 08:54:20', 999),
	(487, 413, 1, 1, 0, 0, 0, 0, 0, 0, '2025-01-04 14:27:56', '2025-01-03 08:54:31', 999),
	(488, 413, 1, 1, 0, 0, 0, 0, 0, 0, '2025-01-04 14:27:27', '2025-01-03 10:23:41', 999),
	(489, 413, 1, 1, 0, 0, 0, 0, 0, 0, '2025-01-04 14:27:10', '2025-01-03 10:23:54', 999),
	(490, 413, 1, 1, 0, 0, 0, 0, 0, 0, '2025-01-04 14:28:20', '2025-01-03 10:24:04', 999),
	(491, 413, 1, 1, 0, NULL, 0, NULL, NULL, NULL, '2025-01-03 10:24:15', '2025-01-03 10:24:15', 999),
	(492, NULL, 1, 1, 1, 0, 0, 0, 0, 0, '2025-01-03 13:52:36', '2025-01-03 13:45:57', 999),
	(493, NULL, 1, 1, 1, 0, 1, 1, 1, 0, '2025-01-03 18:19:22', '2025-01-03 18:17:02', 999),
	(494, 493, 1, 1, 1, NULL, 0, NULL, NULL, NULL, '2025-01-03 18:19:28', '2025-01-03 18:19:28', 999),
	(495, 493, 1, 1, 1, NULL, 0, NULL, NULL, NULL, '2025-01-03 18:19:47', '2025-01-03 18:19:47', 999),
	(496, 493, 1, 1, 1, 0, 0, 0, 0, 0, '2025-01-05 19:30:08', '2025-01-03 18:20:00', 999),
	(497, NULL, 1, 1, 1, 0, 0, 0, 1, 1, '2025-01-04 14:02:31', '2025-01-04 14:00:43', 999),
	(498, 497, 1, 0, 1, NULL, 1, NULL, NULL, NULL, '2025-01-04 14:08:43', '2025-01-04 14:08:43', 999),
	(499, 497, 1, 0, 1, NULL, 1, NULL, NULL, NULL, '2025-01-04 14:08:59', '2025-01-04 14:08:59', 999),
	(500, 497, 1, 0, 1, NULL, 1, NULL, NULL, NULL, '2025-01-04 14:09:20', '2025-01-04 14:09:20', 999),
	(501, 497, 1, 0, 1, NULL, 1, NULL, NULL, NULL, '2025-01-04 14:09:34', '2025-01-04 14:09:34', 999),
	(502, 497, 1, 0, 1, NULL, 1, NULL, NULL, NULL, '2025-01-04 14:09:49', '2025-01-04 14:09:49', 999),
	(503, 497, 1, 0, 1, NULL, 1, NULL, NULL, NULL, '2025-01-04 14:10:07', '2025-01-04 14:10:07', 999),
	(504, 497, 1, 0, 1, NULL, 1, NULL, NULL, NULL, '2025-01-04 14:10:33', '2025-01-04 14:10:33', 999),
	(505, 497, 1, 0, 1, NULL, 1, NULL, NULL, NULL, '2025-01-04 14:10:49', '2025-01-04 14:10:49', 999),
	(508, NULL, 1, 1, 1, NULL, 1, 1, NULL, NULL, '2025-01-05 17:44:17', '2025-01-05 17:44:17', 999),
	(509, 508, 1, 1, 0, NULL, 0, NULL, NULL, NULL, '2025-01-05 17:44:28', '2025-01-05 17:44:28', 999),
	(510, 508, 1, 1, 0, NULL, 0, NULL, NULL, NULL, '2025-01-05 17:44:33', '2025-01-05 17:44:33', 999),
	(511, 508, 1, 1, 0, NULL, 0, NULL, NULL, NULL, '2025-01-05 17:44:38', '2025-01-05 17:44:38', 999),
	(512, NULL, 1, 1, NULL, NULL, 1, NULL, NULL, NULL, '2025-01-05 20:23:55', '2025-01-05 20:23:55', 999),
	(513, NULL, 1, 1, 0, 0, 1, 0, 0, 0, '2025-01-05 23:08:42', '2025-01-05 22:53:00', 999),
	(514, NULL, 1, 1, NULL, NULL, 1, NULL, NULL, NULL, '2025-01-06 01:07:11', '2025-01-06 01:07:11', 999),
	(515, NULL, 1, 1, 1, 0, 1, 0, 0, 0, '2025-04-16 15:44:23', '2025-04-16 15:35:16', 999),
	(516, 515, 1, 0, 0, 0, 0, 0, 0, 0, '2025-04-16 16:27:20', '2025-04-16 16:21:59', 999),
	(517, 515, 1, 0, 0, 0, 0, 0, 0, 0, '2025-05-07 14:46:37', '2025-04-16 16:22:13', 999),
	(518, 515, 1, 0, 0, NULL, 0, NULL, NULL, NULL, '2025-04-16 16:23:40', '2025-04-16 16:23:40', 999),
	(519, 515, 1, 0, 0, 0, 0, 0, 0, 0, '2025-05-07 14:51:17', '2025-04-16 16:23:40', 999),
	(520, 515, 1, 0, 0, 0, 0, 0, 0, 0, '2025-04-16 16:27:34', '2025-04-16 16:23:44', 999),
	(521, 515, 1, 0, 0, NULL, 0, NULL, NULL, NULL, '2025-04-16 16:23:44', '2025-04-16 16:23:44', 999),
	(522, 515, 1, 0, 0, NULL, 0, NULL, NULL, NULL, '2025-04-16 16:23:44', '2025-04-16 16:23:44', 999),
	(523, 515, 1, 0, 0, 0, 0, 0, 0, 0, '2025-05-07 14:27:54', '2025-04-16 16:23:44', 999),
	(524, NULL, 1, 1, 1, 0, 1, 1, 0, 0, '2025-05-07 14:24:26', '2025-05-07 14:19:10', 999),
	(525, 524, 1, 1, 0, 0, 0, 0, 0, 0, '2025-05-07 15:07:18', '2025-05-07 14:24:48', 999),
	(526, 524, 1, 1, 0, 0, 0, 0, 0, 0, '2025-05-07 15:07:58', '2025-05-07 14:25:02', 999),
	(527, 524, 1, 1, 0, 0, 0, 0, 0, 0, '2025-05-07 15:08:19', '2025-05-07 14:25:12', 999),
	(528, 524, 1, 1, 0, NULL, 0, NULL, NULL, NULL, '2025-05-07 15:14:52', '2025-05-07 15:14:52', 999),
	(529, 524, 1, 1, 0, NULL, 0, NULL, NULL, NULL, '2025-05-07 15:15:01', '2025-05-07 15:15:01', 999),
	(530, 524, 1, 1, 0, NULL, 0, NULL, NULL, NULL, '2025-05-07 15:15:10', '2025-05-07 15:15:10', 999),
	(531, 524, 1, 1, 0, NULL, 0, NULL, NULL, NULL, '2025-05-07 15:15:25', '2025-05-07 15:15:25', 999);

-- Copiando estrutura para tabela treinamento-raddar-2025.app_conteudo_campos
CREATE TABLE IF NOT EXISTS `app_conteudo_campos` (
  `id` int(11) NOT NULL AUTO_INCREMENT,
  `conteudo_id` int(11) DEFAULT NULL,
  `filho` int(11) DEFAULT NULL,
  `type` varchar(50) DEFAULT NULL,
  `rel` int(11) DEFAULT NULL,
  `options` text,
  `label` varchar(250) DEFAULT NULL,
  `name` varchar(250) DEFAULT NULL,
  `seo` varchar(50) DEFAULT NULL,
  `default_value` text,
  `instruction` text,
  `ordem` int(11) DEFAULT NULL,
  `status` int(11) DEFAULT NULL,
  `limite` int(11) DEFAULT NULL,
  PRIMARY KEY (`id`),
  KEY `app_conteudo_campos_conteudo_id_foreign` (`conteudo_id`),
  KEY `app_conteudo_campos_rel_foreign` (`rel`),
  KEY `app_conteudo_campos_name_index` (`name`),
  CONSTRAINT `app_conteudo_campos_conteudo_id_foreign` FOREIGN KEY (`conteudo_id`) REFERENCES `app_conteudo` (`id`),
  CONSTRAINT `app_conteudo_campos_rel_foreign` FOREIGN KEY (`rel`) REFERENCES `app_conteudo` (`id`)
) ENGINE=InnoDB AUTO_INCREMENT=1102 DEFAULT CHARSET=latin1;

-- Copiando dados para a tabela treinamento-raddar-2025.app_conteudo_campos: ~82 rows (aproximadamente)
INSERT IGNORE INTO `app_conteudo_campos` (`id`, `conteudo_id`, `filho`, `type`, `rel`, `options`, `label`, `name`, `seo`, `default_value`, `instruction`, `ordem`, `status`, `limite`) VALUES
	(89, 51, NULL, 'editor', NULL, '', 'Texto', 'texto', NULL, '', '', 0, 1, NULL),
	(90, 52, NULL, 'editor', NULL, '', 'Texto', 'texto', NULL, '', '', 0, 1, NULL),
	(94, 60, NULL, 'separator', NULL, '', 'Banners', 'novo-campo', NULL, '', '', 0, 1, NULL),
	(95, 60, NULL, 'gallery', NULL, '', 'Banners Desktop', 'banner-desktop', NULL, '', '', 1, 1, NULL),
	(96, 60, NULL, 'gallery', NULL, '', 'Banners Mobile', 'banner-mobile', NULL, '', '', 2, 1, NULL),
	(492, 119, 1, 'textarea', NULL, '', 'Resposta', 'resposta', NULL, '', '', 0, 1, NULL),
	(926, 413, 1, 'truefalse', NULL, '', 'Destaque', 'destaque', NULL, '', 'Exibir na home', 0, 1, NULL),
	(930, 413, NULL, 'editor', NULL, '', 'Descrição', 'descricao', NULL, '', '', 0, 1, NULL),
	(942, 463, NULL, 'editor', NULL, '', 'Descrição', 'descricao', 'description', '', '', 0, 1, NULL),
	(964, 413, 1, 'image', NULL, '', 'Imagem', 'imagem', 'image', '', '', 3, 1, NULL),
	(972, 465, NULL, 'editor', NULL, '', 'Descrição', 'descricao', 'description', '', '', 0, 1, NULL),
	(973, 463, NULL, 'editor', NULL, '', 'Texto', 'texto', NULL, '', '', 1, 1, NULL),
	(992, 470, 1, 'textarea', NULL, '', 'Depoimento', 'depoimento', NULL, '', '', 1, 1, NULL),
	(995, 465, NULL, 'textarea', NULL, '', 'Formulário', 'formulario', NULL, '', '', 3, 1, NULL),
	(999, 463, NULL, 'textarea', NULL, '', 'Missão', 'missao', NULL, '', '', 3, 1, NULL),
	(1000, 463, NULL, 'textarea', NULL, '', 'Visão', 'visao', NULL, '', '', 4, 1, NULL),
	(1001, 463, NULL, 'textarea', NULL, '', 'Valores', 'valores', NULL, '', '', 5, 1, NULL),
	(1028, 474, 1, 'text', NULL, '', 'Ordem', 'ordem', NULL, '', '', 0, 1, NULL),
	(1029, 474, 1, 'image', NULL, '', 'Ícone Branco', 'icone-branco', NULL, '', '', 1, 1, NULL),
	(1030, 474, 1, 'image', NULL, '', 'Ícone Verde', 'icone-verde', 'image', '', '', 2, 1, NULL),
	(1031, 413, 1, 'relationship', 474, '', 'Categoria', 'categoria', NULL, '', '', 2, 1, NULL),
	(1032, 413, 1, 'repeatertxt', NULL, '', 'Características técnicas', 'caracteristicas-tecnicas', NULL, '', '', 6, 1, NULL),
	(1033, 413, 1, 'editor', NULL, '', 'Informações Complementares', 'informacoes-complementares', NULL, '', '', 7, 1, NULL),
	(1034, 60, NULL, 'separator', NULL, '', 'Mais que Produtos', 'mais-que-produtos-separador', NULL, '', '', 3, 1, NULL),
	(1035, 60, NULL, 'editor', NULL, '', 'mais-que-produtos', 'mais-que-produtos', NULL, '', '', 4, 1, NULL),
	(1036, 60, NULL, 'image', NULL, '', 'Imagem', 'mais-que-produtos-imagem', NULL, '', '', 5, 1, NULL),
	(1037, 60, NULL, 'separator', NULL, '', 'Vantagens', 'vantagens-separador', NULL, '', '', 6, 1, NULL),
	(1038, 60, NULL, 'gallery', NULL, '', 'Vantagens', 'vantagens', NULL, '', '', 7, 1, NULL),
	(1039, 60, NULL, 'separator', NULL, '', 'Banner Promo', 'banner-promo-separador', NULL, '', '', 8, 1, NULL),
	(1040, 60, NULL, 'image', NULL, '', 'Banner promoção', 'banner-promocao', NULL, '', '', 9, 1, NULL),
	(1041, 60, NULL, 'separator', NULL, '', 'Quer saber mais.. - formulario', 'quer-saber-mais---formulario', NULL, '', '', 10, 1, NULL),
	(1042, 60, NULL, 'image', NULL, '', 'Imagem Principal', 'quer-saber-mais-1', NULL, '', '', 11, 1, NULL),
	(1043, 60, NULL, 'image', NULL, '', 'Imagem Secundária', 'quer-saber-mais-2', NULL, '', '', 12, 1, NULL),
	(1044, 60, NULL, 'textarea', NULL, '', 'Texto', 'quer-saber-mais-texto', NULL, '', '', 13, 1, NULL),
	(1045, 60, NULL, 'editor', NULL, '', 'Texto formulário', 'quer-saber-mais-formulario', NULL, '', '', 14, 1, NULL),
	(1046, 492, NULL, 'image', NULL, '', 'Fornecedores Home', 'fornecedores-home', NULL, '', '', 1, 1, NULL),
	(1047, 492, NULL, 'gallery', NULL, '', 'Fornecedores', 'fornecedores', NULL, '', '', 5, 1, NULL),
	(1048, 470, 1, 'text', NULL, '', 'Empresa', 'empresa', NULL, '', '', 0, 1, NULL),
	(1049, 60, NULL, 'separator', NULL, '', 'Sobre', 'sobre-separador', NULL, '', '', 15, 1, NULL),
	(1050, 60, NULL, 'text', NULL, '', 'Título', 'sobre-titulo', NULL, '', '', 16, 1, NULL),
	(1051, 60, NULL, 'textarea', NULL, '', 'Conteúdo', 'sobre-conteudo', NULL, '', '', 17, 1, NULL),
	(1052, 60, NULL, 'gallery', NULL, '', 'Imagens', 'sobre-galeria', NULL, '', '', 18, 1, NULL),
	(1053, 60, NULL, 'separator', NULL, '', 'Instagram', 'instagramss', NULL, '', '', 19, 1, NULL),
	(1054, 60, NULL, 'text', NULL, '', 'Texto', 'instagram-texto', NULL, '', '', 20, 1, NULL),
	(1055, 60, NULL, 'gallery', NULL, '', 'Galeria', 'instagram-galeria', NULL, '', '', 21, 1, 3),
	(1056, 493, 1, 'image', NULL, '', 'Imagem', 'imagem', 'image', '', '', 0, 1, NULL),
	(1057, 493, 1, 'textarea', NULL, '', 'Resumo', 'resumo', 'description', '', '', 1, 1, NULL),
	(1058, 493, 1, 'editor', NULL, '', 'Conteúdo', 'conteudo', NULL, '', '', 2, 1, NULL),
	(1059, 463, NULL, 'image', NULL, '', 'Imagem', 'imagem', NULL, '', '', 2, 1, NULL),
	(1060, 463, NULL, 'gallery', NULL, '', 'Galeria', 'galeria', NULL, '', '', 6, 1, NULL),
	(1061, 497, 1, 'image', NULL, '', 'Logo', 'logo', NULL, '', '', 2, 1, NULL),
	(1062, 497, 1, 'truefalse', NULL, '', 'Exibir na página de produtos', 'exibir-produtos', NULL, '', '', 0, 1, NULL),
	(1063, 497, 1, 'text', NULL, '', 'Ordem destaque', 'ordem', NULL, '', '', 1, 1, NULL),
	(1064, 413, 1, 'relationship', 497, '', 'Marca', 'marca', NULL, '', '', 1, 1, NULL),
	(1065, 474, 1, 'relationship', 474, '', 'Categoria Pai', 'categoria-pai', NULL, '', '', 3, 1, NULL),
	(1067, 413, 1, 'gallery', NULL, '', 'Galeria', 'galeria', NULL, '', '', 4, 1, 3),
	(1068, 413, 1, 'textarea', NULL, '', 'Descricao', 'descricao', 'description', '', '', 5, 1, NULL),
	(1069, 413, 1, 'repeaterPersonalizado', NULL, '[{"label":"Nome da varia\\u00e7\\u00e3o","type":"text","name":"nome-da-variacao","typeLabel":"Texto"},{"label":"Op\\u00e7\\u00f5es","type":"tags","name":"opcoes","typeLabel":"Tags"}]', 'Variações', 'variacoes', NULL, '', '', 8, 1, NULL),
	(1070, 492, NULL, 'separator', NULL, '', 'Página inicial', 'pagina-inicial', NULL, '', '', 0, 1, NULL),
	(1071, 492, NULL, 'separator', NULL, '', 'Página Fornecedores', 'pagina-fornecedores', NULL, '', '', 2, 1, NULL),
	(1072, 492, NULL, 'editor', NULL, '', 'Descrição', 'descricao', NULL, '', '', 3, 1, NULL),
	(1073, 492, NULL, 'editor', NULL, '', 'Texo', 'texto', NULL, '', '', 4, 1, NULL),
	(1074, 470, NULL, 'editor', NULL, '', 'Descrição', 'descricao', 'description', '', '', 0, 1, NULL),
	(1075, 470, NULL, 'editor', NULL, '', 'Texto', 'texto', NULL, '', '', 1, 1, NULL),
	(1076, 119, NULL, 'editor', NULL, '', 'Descrição', 'descricao', 'description', '', '', 0, 1, NULL),
	(1077, 493, NULL, 'editor', NULL, '', 'Descrição', 'descricao', 'description', '', '', 0, 1, NULL),
	(1078, 512, NULL, 'editor', NULL, '', 'Descrição', 'descricao', NULL, '', '', 0, 1, NULL),
	(1079, 512, NULL, 'editor', NULL, '', 'Texto formulário', 'texto-formulario', NULL, '', '', 1, 1, NULL),
	(1080, 465, NULL, 'image', NULL, '', 'Imagem', 'imagem', NULL, '', '', 1, 1, NULL),
	(1081, 465, NULL, 'editor', NULL, '', 'Conteúdo', 'conteudo', NULL, '', '', 2, 1, NULL),
	(1082, 513, NULL, 'editor', NULL, '', 'Descrição', 'descricao', NULL, '', '', 0, 1, NULL),
	(1083, 513, NULL, 'repeatertxt', NULL, '', 'Como Funciona?', 'como-funciona', NULL, '', '', 1, 1, 3),
	(1084, 513, NULL, 'editor', NULL, '', 'Conteúdo formulário', 'conteudo-formulario', NULL, '', '', 2, 1, NULL),
	(1085, 514, NULL, 'editor', NULL, '', 'Descrição', 'descricao', NULL, '', '', 0, 1, NULL),
	(1086, 513, NULL, 'textarea', NULL, '', 'Cadastre', 'cadastre', NULL, '', '', 3, 1, NULL),
	(1087, 474, 1, 'separator', NULL, '', 'Cores personalizadas', 'cores-personalizadas', NULL, '', 'As cores em separadores de destaque serão personalizadas caso seja definidas as cores', 4, 1, NULL),
	(1088, 474, 1, 'color', NULL, '', 'Fundo', 'cor-fundo', NULL, '', 'As cores em separadores de destaque serão personalizadas caso seja definidas as cores', 5, 1, NULL),
	(1089, 474, 1, 'color', NULL, '', 'Fonte', 'cor-fonte', NULL, '', 'As cores em separadores de destaque serão personalizadas caso seja definidas as cores', 6, 1, NULL),
	(1090, 515, NULL, 'gallery', NULL, '', 'galeria', 'galeria', NULL, '', '', 0, 1, NULL),
	(1091, 515, NULL, 'text', NULL, '', 'Campo Texto', 'campo-texto', NULL, '', '', 1, 1, NULL),
	(1092, 515, NULL, 'textarea', NULL, '', 'Campo Área de texto', 'campo-area-de-texto', NULL, '', '', 2, 1, NULL),
	(1093, 515, NULL, 'editor', NULL, '', 'Campo Editor', 'campo-editor', NULL, '', '', 3, 1, NULL),
	(1094, 515, 1, 'image', NULL, '', 'Imagem', 'imagem', NULL, '', '', 1, 1, NULL),
	(1095, 515, 1, 'textarea', NULL, '', 'Texto', 'texto', NULL, '', '', 2, 1, NULL),
	(1096, 515, 1, 'truefalse', NULL, '', 'Destaque', 'destaque', NULL, '', '', 0, 1, NULL),
	(1097, 524, 1, 'image', NULL, '', 'Imagem', 'imagem', NULL, '', '', 1, 1, NULL),
	(1098, 515, 1, 'relationship', 524, '', 'Categoria', 'categoria', NULL, '', '', 3, 1, NULL),
	(1100, 524, 1, 'relationship', 524, '', 'Categoria Pai', 'categoria-pai', NULL, '', '', 0, 1, NULL),
	(1101, 515, NULL, 'video', NULL, '', 'Video Youtube', 'video', NULL, '', '', 4, 1, NULL);

-- Copiando estrutura para tabela treinamento-raddar-2025.app_conteudo_idioma
CREATE TABLE IF NOT EXISTS `app_conteudo_idioma` (
  `id` int(11) NOT NULL AUTO_INCREMENT,
  `conteudo_id` int(11) DEFAULT NULL,
  `titulo` varchar(250) DEFAULT NULL,
  `uri` varchar(250) DEFAULT NULL,
  `idioma_id` int(11) DEFAULT NULL,
  `seo_description_manual` tinyint(4) DEFAULT NULL,
  `seo_description` varchar(250) DEFAULT NULL,
  `seo_image_manual` tinyint(4) DEFAULT NULL,
  `seo_image` varchar(250) DEFAULT NULL,
  `seo_keywords` text,
  PRIMARY KEY (`id`),
  KEY `app_conteudo_idioma_conteudo_id_foreign` (`conteudo_id`),
  KEY `app_conteudo_idioma_idioma_id_foreign` (`idioma_id`),
  KEY `app_conteudo_idioma_uri_index` (`uri`),
  CONSTRAINT `app_conteudo_idioma_conteudo_id_foreign` FOREIGN KEY (`conteudo_id`) REFERENCES `app_conteudo` (`id`),
  CONSTRAINT `app_conteudo_idioma_idioma_id_foreign` FOREIGN KEY (`idioma_id`) REFERENCES `app_idiomas` (`id`)
) ENGINE=InnoDB AUTO_INCREMENT=533 DEFAULT CHARSET=latin1;

-- Copiando dados para a tabela treinamento-raddar-2025.app_conteudo_idioma: ~71 rows (aproximadamente)
INSERT IGNORE INTO `app_conteudo_idioma` (`id`, `conteudo_id`, `titulo`, `uri`, `idioma_id`, `seo_description_manual`, `seo_description`, `seo_image_manual`, `seo_image`, `seo_keywords`) VALUES
	(51, 51, 'Política de Privacidade', 'politica-de-privacidade', 1, 0, '', 0, '', ''),
	(52, 52, 'Termos de Uso', 'termos-de-uso', 1, 0, '', 0, '', ''),
	(60, 60, 'Página Inicial', 'pagina-inicial', 1, 1, '', 0, '', ''),
	(119, 119, 'Dúvidas', 'duvidas', 1, 1, '', 0, '', ''),
	(413, 413, 'Produtos', 'produtos', 1, 0, ' PRODUTOS ', 0, '', ''),
	(445, 445, 'Como é calculado o valor do IPTU?', 'a-concertina-e-legalizada-e-permitida-para-uso-em-residencias-e-empresas-', 1, 0, '', 0, '', ''),
	(447, 447, 'Quais são as isenções e descontos disponíveis no IPTU?', 'a-concertina-requer-manutencao-regular-e-como-posso-garantir-sua-durabilidade-', 1, 0, '', 0, '', ''),
	(463, 463, 'Sobre', 'sobre', 1, 0, ' Sobre Desde 2006, a Asthamed Hospitalar tem se destacado como referência no fornecimento de produtos odontológicos, estéticos, hospitalares e descartáveis para profissionais da saúde. ', 0, '', ''),
	(465, 465, 'Fale Conosco', 'fale-conosco', 1, 0, ' Fale Conosco Estamos sempre prontos para ouvir você! ', 0, '', ''),
	(469, 469, 'Como recorrer ou contestar o valor do IPTU?', 'como-recorrer-ou-contestar-o-valor-do-iptu-', 1, 0, '', 0, '', ''),
	(470, 470, 'Depoimentos', 'depoimentos', 1, 0, ' Depoimentos Nosso compromisso com a qualidade, a agilidade e o atendimento especializado reflete-se nas experiências de nossos clientes. ', 0, '', ''),
	(471, 471, 'Dr. Roberto Almeida', 'cristine-bez', 1, 0, '', 0, '', ''),
	(472, 472, 'Ana Beatriz Silva', 'distribuidor-frutas-br', 1, 0, '', 0, '', ''),
	(473, 473, 'Dr. Marcelo', 'supermercado-xyz', 1, 0, '', 0, '', ''),
	(474, 474, 'Produtos Categorias', 'produtos-categoria', 1, 0, '', 0, '', ''),
	(475, 475, 'Linha Odontológica', 'linha-odontologica', 1, 0, '', 0, 'linha-odontologica-green.png', ''),
	(476, 476, 'Linha Estética', 'linha-estetica', 1, 0, '', 0, 'linha-estetica-green.png', ''),
	(477, 477, 'Linha Veterinária', 'linha-veterinaria', 1, 0, '', 0, 'linha-veterinaria-green.png', ''),
	(478, 478, 'Medicamentos Injetáveis', 'medicamentos-injetaveis', 1, 0, '', 0, 'medicamentos-injetaveis-green.png', ''),
	(479, 479, 'Materiais Hospitalares', 'materiais-hospitalares', 1, 0, '', 0, 'materiais-hospitalares-green.png', ''),
	(480, 480, 'MASCARA TRIPLA ELASTICO C/50', 'mascara-tripla-elastico-c-50', 1, 0, '', 0, 'image 101.png', ''),
	(481, 481, 'TOUCA SANFONADA DESC. C/100', 'touca-sanfonada-desc-c-100', 1, 0, '', 0, 'image 102.png', ''),
	(482, 482, 'AGUA P/ AUTOCLAVE 5L', 'agua-p-autoclave-5l', 1, 0, 'Água destina ao uso da autoclave', 0, 'image 103.png', ''),
	(483, 483, 'GEL P/ ULTRASSOM 5KG', 'gel-p-ultrassom-5kg', 1, 0, '', 0, 'image 104.png', ''),
	(484, 484, 'Kit Clareadores Opalescence Boost PF 40%', 'kit-clareadores-opalescence-boost-pf-40-', 1, 0, '', 0, 'image 93.png', ''),
	(485, 485, 'Kit Resina Forma Ultradent', 'kit-resina-forma-ultradent', 1, 0, '', 0, 'image 94.png', ''),
	(486, 486, 'Ativador Universal 60ml KULZER', 'ativador-universal-60ml-kulzer', 1, 0, '', 0, 'image 95.png', ''),
	(487, 487, 'Kit Clareador Whiteness Perfect 10%', 'kit-clareador-whiteness-perfect-10-', 1, 0, '', 0, 'image 96.png', ''),
	(488, 488, 'COMPRESSA DE GAZE NAO ADERENTE C/10', 'compressa-de-gaze-nao-aderente-c-10', 1, 0, '', 0, 'image 97.png', ''),
	(489, 489, 'Álcool Swabs Uniqmed', 'alcool-swabs-uniqmed', 1, 0, '', 0, 'image 98.png', ''),
	(490, 490, 'Microcânulas (vários tamanhos)', 'microcanulas-varios-tamanhos-', 1, 0, '', 0, 'image 99.png', ''),
	(491, 491, 'CURATIVO CIRURGICO 10X15CM C/1', 'curativo-cirurgico-10x15cm-c-1', 1, 0, '', 0, 'image 100.png', ''),
	(492, 492, 'Fornecedores', 'fornecedores', 1, 0, '', 0, '', ''),
	(493, 493, 'Blog', 'blog', 1, 0, ' Blog Aqui, você encontra conteúdos exclusivos sobre o nicho odontológico, estético e hospitalar, com informações úteis para profissionais que buscam aprimorar seus conhecimentos ', 0, '', ''),
	(494, 494, 'Os Benefícios de Usar Produtos Odontológicos de Alta Qualidade em Sua Clínica', 'os-beneficios-de-usar-produtos-odontologicos-de-alta-qualidade-em-sua-clinica', 1, 0, 'Em um mercado competitivo como o odontológico, garantir que seus pacientes tenham a melhor experiência possível e os resultados mais seguros é fundamental.', 0, 'post-1.jpg', ''),
	(495, 495, 'Como Escolher os Melhores Produtos para Clínicas Estéticas', 'como-escolher-os-melhores-produtos-para-clinicas-esteticas', 1, 0, 'O mercado de estética tem crescido exponencialmente nos últimos anos, e com ele, a demanda por produtos que entreguem resultados de alta performance.', 0, 'post-2.jpg', ''),
	(496, 496, 'A Importância da Logística e da Disponibilidade de Estoque na Saúde', 'a-importancia-da-logistica-e-da-disponibilidade-de-estoque-na-saude', 1, 0, 'Em um mercado competitivo como o odontológico, garantir que seus pacientes tenham a melhor experiência possível e os resultados mais seguros é fundamental.', 0, 'post-3.jpg', ''),
	(497, 497, 'Marcas', 'marcas', 1, 0, '', 0, '', ''),
	(498, 498, '3M', '3m', 1, 0, '', 0, '', ''),
	(499, 499, 'FGM', 'fgm', 1, 0, '', 0, '', ''),
	(500, 500, 'DFL', 'dfl', 1, 0, '', 0, '', ''),
	(501, 501, 'Uniqmed', 'uniqmed', 1, 0, '', 0, '', ''),
	(502, 502, 'Maquira', 'maquira', 1, 0, '', 0, '', ''),
	(503, 503, 'Cremer', 'cremer', 1, 0, '', 0, '', ''),
	(504, 504, 'Melhormed', 'melhormed', 1, 0, '', 0, '', ''),
	(505, 505, 'América', 'america', 1, 0, '', 0, '', ''),
	(508, 508, 'Blog Categorias', 'blog-categorias', 1, 0, '', 0, '', ''),
	(509, 509, 'Clínicas Estéticas', 'clinicas-esteticas', 1, 0, '', 0, '', ''),
	(510, 510, 'Linha Odontológica', 'linha-odontologica', 1, 0, '', 0, '', ''),
	(511, 511, 'Logística', 'logistica', 1, 0, '', 0, '', ''),
	(512, 512, 'Orçamento', 'orcamento', 1, 0, '', 0, '', ''),
	(513, 513, 'Programa', 'programa', 1, 0, '', 0, '', ''),
	(514, 514, 'Carrinho', 'carrinho', 1, 0, '', 0, '', ''),
	(515, 515, 'Página teste', 'pagina-teste', 1, 0, '', 0, '', ''),
	(516, 516, 'Interna destaque 1', 'interna-1', 1, 0, '', 0, '', ''),
	(517, 517, 'Interna 2', 'interna-2', 1, 0, '', 0, '', ''),
	(518, 518, 'Interna 2 - Cópia', 'interna-2-1', 1, 0, '', 0, '', ''),
	(519, 519, 'Ciclone nível 3', 'interna-1-1', 1, 0, '', 0, '', ''),
	(520, 520, 'Interna destaque 2', 'interna-1-1-1', 1, 0, '', 0, '', ''),
	(521, 521, 'Interna 2 - Cópia - Cópia', 'interna-2-1-1', 1, 0, '', 0, '', ''),
	(522, 522, 'Interna 2 - Cópia', 'interna-2-2', 1, 0, '', 0, '', ''),
	(523, 523, 'Interna com categoria', 'interna-1-2', 1, 0, '', 0, '', ''),
	(524, 524, 'Categorias teste', 'categorias-teste', 1, 0, '', 0, '', ''),
	(525, 525, 'Informática', 'informatica', 1, 0, '', 0, '', ''),
	(526, 526, 'Monitores', 'categoria-teste-2', 1, 0, '', 0, '', ''),
	(527, 527, 'Teclados', 'categoria-teste-3', 1, 0, '', 0, '', ''),
	(528, 528, 'Utensílios', 'utensilios', 1, 0, '', 0, '', ''),
	(529, 529, 'Copos', 'copos', 1, 0, '', 0, '', ''),
	(530, 530, 'Talheres', 'talheres', 1, 0, '', 0, '', ''),
	(531, 531, 'Móveis', 'moveis', 1, 0, '', 0, '', ''),
	(532, 515, 'Test page', 'link-da-pagina', 2, 0, '', 0, '', '');

-- Copiando estrutura para tabela treinamento-raddar-2025.app_conteudo_valor
CREATE TABLE IF NOT EXISTS `app_conteudo_valor` (
  `id` int(11) NOT NULL AUTO_INCREMENT,
  `idioma_id` int(11) NOT NULL,
  `conteudo_id` int(11) DEFAULT NULL,
  `configuracao_id` int(11) DEFAULT NULL,
  `valor` longtext,
  `ordem_valor` int(11) DEFAULT NULL,
  PRIMARY KEY (`id`,`idioma_id`),
  KEY `app_conteudo_valor_idioma_id_foreign` (`idioma_id`),
  KEY `app_conteudo_valor_conteudo_id_foreign` (`conteudo_id`),
  CONSTRAINT `app_conteudo_valor_conteudo_id_foreign` FOREIGN KEY (`conteudo_id`) REFERENCES `app_conteudo` (`id`),
  CONSTRAINT `app_conteudo_valor_idioma_id_foreign` FOREIGN KEY (`idioma_id`) REFERENCES `app_idiomas` (`id`)
) ENGINE=InnoDB AUTO_INCREMENT=2813 DEFAULT CHARSET=latin1;

-- Copiando dados para a tabela treinamento-raddar-2025.app_conteudo_valor: ~235 rows (aproximadamente)
INSERT IGNORE INTO `app_conteudo_valor` (`id`, `idioma_id`, `conteudo_id`, `configuracao_id`, `valor`, `ordem_valor`) VALUES
	(143, 1, 51, 89, '<p>ASTHAMED tem total compromisso com a privacidade e seguran&ccedil;a de seus clientes durante o processo de navega&ccedil;&atilde;o pelo site. Usamos cookies e informa&ccedil;&otilde;es de navega&ccedil;&atilde;o (sess&atilde;o do browser) com o objetivo de tra&ccedil;ar o perfil do p&uacute;blico que visita o site e aperfei&ccedil;oar nossos conte&uacute;dos.</p>\n\n<p>Os dados cadastrais de nossos clientes n&atilde;o s&atilde;o vendidos, trocados ou divulgados para terceiros e todas as informa&ccedil;&otilde;es s&atilde;o mantidas em sigilo absoluto. Seus dados s&atilde;o registrados pelo ASTHAMED&nbsp;de forma automatizada, dispensando manipula&ccedil;&atilde;o humana.</p>\n\n<p>As altera&ccedil;&otilde;es sobre nossa Pol&iacute;tica de Privacidade ser&atilde;o devidamente informadas neste espa&ccedil;o.<br />\n<br />\n<strong>POL&Iacute;TICA DE PRIVACIDADE</strong></p>\n\n<p>Esta pol&iacute;tica descreve as formas como coletamos, armazenamos, usamos e protegemos suas informa&ccedil;&otilde;es pessoais.</p>\n\n<p>Voc&ecirc; aceita essa pol&iacute;tica e concorda com tal coleta, armazenamento e uso quando se inscrever ou usar nossos produtos, servi&ccedil;os ou qualquer outro recurso, tecnologia ou funcionalidade que n&oacute;s oferecemos ao acessar nosso site ou por qualquer outro meio (coletivamente &ldquo;ASTHAMED&rdquo;).</p>\n\n<p>Podemos alterar a esta pol&iacute;tica a qualquer momento, divulgando uma vers&atilde;o revisada em nosso site. A vers&atilde;o revisada entrar&aacute; em vigor assim que disponibilizada no site. Al&eacute;m disso, se a vers&atilde;o revisada incluir uma altera&ccedil;&atilde;o substancial, avisaremos voc&ecirc; com 30 dias de anteced&ecirc;ncia, divulgando o aviso sobre a altera&ccedil;&atilde;o na p&aacute;gina &ldquo;Atualiza&ccedil;&otilde;es da pol&iacute;tica&rdquo; do nosso site. Depois desse aviso de 30 dias, ser&aacute; considerado que voc&ecirc; concorda com todas as emendas feitas a essa pol&iacute;tica.</p>\n\n<p><strong>Importante:</strong></p>\n\n<p>Pol&iacute;tica de Descadastramento (&ldquo;Opt-out&rdquo;)</p>\n\n<p>O usu&aacute;rio dos nossos servi&ccedil;os pode a qualquer momento deixar de receber comunica&ccedil;&otilde;es do nosso site. Para tanto basta enviar um e-mail para contato@asthamed.com.br&nbsp;indicando o seu desejo de n&atilde;o mais receber comunica&ccedil;&otilde;es, ou simplesmente clicar no link &lsquo;remover&rsquo; ou unsubscribre contido no final de cada e-mail.</p>\n\n<p><strong>Como coletamos informa&ccedil;&otilde;es a seu respeito</strong></p>\n\n<p>Quando voc&ecirc; visita os sites do asthamed.com.br&nbsp;ou usa os servi&ccedil;os do&nbsp;ASTHAMED coletamos o seu endere&ccedil;o IP e as informa&ccedil;&otilde;es padr&atilde;o de acesso &agrave; web como o tipo do seu navegador e as p&aacute;ginas que acessou em nosso site.</p>\n\n<p>Se voc&ecirc; se inscrever, coletaremos os seguintes tipos de informa&ccedil;&otilde;es:</p>\n\n<p>Informa&ccedil;&otilde;es de contato &ndash; o seu nome, endere&ccedil;o, telefone, e-mail, nome de usu&aacute;rio do Skype e outras informa&ccedil;&otilde;es semelhantes.</p>\n\n<p>Informa&ccedil;&otilde;es financeiras &ndash; os n&uacute;meros da conta banc&aacute;ria e do cart&atilde;o de cr&eacute;dito que voc&ecirc; forneceu quando adquiriu os Servi&ccedil;os do&nbsp;ASTHAMED.</p>\n\n<p>Antes de permitir o uso dos Servi&ccedil;os do&nbsp;ASTHAMED, poderemos exigir que voc&ecirc; forne&ccedil;a informa&ccedil;&otilde;es adicionais que poderemos usar para verificar sua identidade ou endere&ccedil;o ou gerenciar risco, como sua data de nascimento, n&uacute;mero de registro nacional, nacionalidade e outras informa&ccedil;&otilde;es de identifica&ccedil;&atilde;o.</p>\n\n<p>Tamb&eacute;m podemos obter informa&ccedil;&otilde;es suas atrav&eacute;s de terceiros, como centros de cr&eacute;dito e servi&ccedil;os de verifica&ccedil;&atilde;o de identidade. Quando estiver usando os Servi&ccedil;os do&nbsp;ASTHAMED, coletaremos informa&ccedil;&otilde;es sobre suas transa&ccedil;&otilde;es e outras atividades suas em nosso site ou quando usar os Servi&ccedil;os do&nbsp;ASTHAMED&nbsp;e podemos coletar informa&ccedil;&otilde;es sobre seu computador ou outro dispositivo de acesso com finalidade de preven&ccedil;&atilde;o contra fraude.</p>\n\n<p>Por fim, podemos coletar informa&ccedil;&otilde;es adicionais de e sobre voc&ecirc; por outros meios, como de contatos com nossa equipe de suporte ao cliente, de resultados de suas respostas a uma pesquisa, de intera&ccedil;&otilde;es com membros da rede corporativa do&nbsp;ASTHAMED&nbsp;e de outras empresas.</p>\n\n<p><strong>Como usamos cookies</strong></p>\n\n<p>Quando voc&ecirc; acessa nosso site, n&oacute;s, incluindo as empresas que contratamos para acompanhar como nosso site &eacute; usado, podemos colocar pequenos arquivos de dados chamados &ldquo;cookies&rdquo; no seu computador.</p>\n\n<p>Enviamos um &ldquo;cookie da sess&atilde;o&rdquo; para o seu computador quando voc&ecirc; entra em sua conta ou usa os Servi&ccedil;os do&nbsp;ASTHAMED. Esse tipo de cookie nos ajuda a reconhec&ecirc;-lo se visitar v&aacute;rias p&aacute;ginas em nosso site durante a mesma sess&atilde;o, para que n&atilde;o precisemos solicitar a sua senha em todas as p&aacute;ginas.</p>\n\n<p>Depois que voc&ecirc; sair ou fechar o seu navegador, esse cookie ir&aacute; expirar e deixar&aacute; de ter efeito. Tamb&eacute;m usamos cookies mais permanentes para outras finalidades, como para exibir o seu endere&ccedil;o de e-mail em nosso formul&aacute;rio de acesso, para que voc&ecirc; n&atilde;o precise digitar novamente o endere&ccedil;o de e-mail sempre que entrar em sua conta.</p>\n\n<p>Codificamos nossos cookies para que apenas n&oacute;s possamos interpretar as informa&ccedil;&otilde;es armazenadas neles. Voc&ecirc; est&aacute; livre para recusar nossos cookies caso o seu navegador permita, mas isso pode interferir no uso do nosso site.</p>\n\n<p>N&oacute;s e nossos prestadores de servi&ccedil;o tamb&eacute;m usamos cookies para personalizar nossos servi&ccedil;os, conte&uacute;do e publicidade, avaliar a efici&ecirc;ncia das promo&ccedil;&otilde;es e promover confian&ccedil;a e seguran&ccedil;a.</p>\n\n<p>Voc&ecirc; pode encontrar cookies de terceiros ao usar os Servi&ccedil;os do&nbsp;ASTHAMED&nbsp;em determinados sites que n&atilde;o est&atilde;o sob nosso controle (por exemplo, se voc&ecirc; visualizar uma p&aacute;gina da Web criada por terceiros ou usar um aplicativo desenvolvido por terceiros, um cookie poder&aacute; ser colocado por essa p&aacute;gina ou aplicativo).</p>\n\n<p><strong>Remarketing do Google</strong></p>\n\n<p>N&oacute;s utilizamos o recurso de Remarketing do Google Adwords para veicular an&uacute;ncios em sites de parceiros do Google. Este recurso permite identificar que voc&ecirc; visitou o nosso site e assim o Google pode exibir o nosso an&uacute;ncio para voc&ecirc; em diferentes websites.</p>\n\n<p>Diversos fornecedores de terceiros, inclusive o Google, compram espa&ccedil;os de publicidade em sites da Internet. N&oacute;s eventualmente contratamos o Google para exibir nossos an&uacute;ncios nesses espa&ccedil;os. Para identificar a sua visita no nosso site, tanto outros fornecedores de terceiros, quanto o Google, utilizam-se de cookies, de forma similar ao exposto na se&ccedil;&atilde;o &ldquo;Como usamos cookies&rdquo;. Voc&ecirc; pode desativar o uso de cookies pelo Google acessando o Gerenciador de prefer&ecirc;ncias de an&uacute;ncio.</p>\n\n<p><strong>Como protegemos e armazenamos informa&ccedil;&otilde;es pessoais</strong></p>\n\n<p>Ao longo desta pol&iacute;tica, usamos o termo &ldquo;informa&ccedil;&otilde;es pessoais&rdquo; para descrever informa&ccedil;&otilde;es que possam ser associadas a uma determinada pessoa e possam ser usadas para identificar essa pessoa.</p>\n\n<p>N&oacute;s n&atilde;o consideraremos como informa&ccedil;&otilde;es pessoais as informa&ccedil;&otilde;es que devem permanecer an&ocirc;nimas, para que elas n&atilde;o identifiquem um determinado usu&aacute;rio. Armazenamos e processamos suas informa&ccedil;&otilde;es pessoais em nossos computadores nos e as protegemos sob medidas de prote&ccedil;&atilde;o f&iacute;sicas, eletr&ocirc;nicas e processuais.</p>\n\n<p>Usamos prote&ccedil;&otilde;es de computador, como firewalls e criptografia de dados, aplicamos controles de acesso f&iacute;sico a nossos pr&eacute;dios e arquivos e autorizamos o acesso a informa&ccedil;&otilde;es pessoais apenas para os funcion&aacute;rios que precisem delas para cumprir suas responsabilidades profissionais.</p>\n\n<p>Como usamos as informa&ccedil;&otilde;es pessoais que coletamos Nossa finalidade principal ao coletar informa&ccedil;&otilde;es pessoais &eacute; fornecer a voc&ecirc; uma experi&ecirc;ncia segura, tranquila, eficiente e personalizada. Para isso, usamos suas informa&ccedil;&otilde;es pessoais para:</p>\n\n<p>Fornecer os servi&ccedil;os e o suporte ao cliente solicitados;&nbsp;<br />\nProcessar transa&ccedil;&otilde;es e enviar avisos sobre as suas transa&ccedil;&otilde;es;&nbsp;<br />\nSolucionar disputas, cobrar taxas e solucionar problemas;&nbsp;<br />\nImpedir atividades potencialmente proibidas ou ilegais e garantir a aplica&ccedil;&atilde;o do nosso Contrato do usu&aacute;rio;&nbsp;<br />\nPersonalizar, avaliar e melhorar nossos servi&ccedil;os, al&eacute;m do conte&uacute;do e do layout do nosso site;&nbsp;<br />\nEnviar materiais de marketing direcionados, avisos de atualiza&ccedil;&atilde;o no servi&ccedil;o e ofertas promocionais com base nas suas prefer&ecirc;ncias de comunica&ccedil;&atilde;o;&nbsp;<br />\nComparar informa&ccedil;&otilde;es, para uma maior precis&atilde;o, e verific&aacute;-las com terceiros.</p>\n\n<p><strong>Marketing</strong></p>\n\n<p>N&atilde;o vendemos nem alugamos suas informa&ccedil;&otilde;es pessoais para terceiros para fins de marketing sem seu consentimento expl&iacute;cito. Podemos combinar suas informa&ccedil;&otilde;es com as informa&ccedil;&otilde;es que coletamos de outras empresas e us&aacute;-las para melhorar e personalizar nossos servi&ccedil;os, conte&uacute;do e publicidade.</p>\n\n<p>Se n&atilde;o desejar receber nossas mensagens de marketing nem participar de nossos programas de personaliza&ccedil;&atilde;o de an&uacute;ncios, basta indicar sua prefer&ecirc;ncia mandando-nos um e-mail ou simplesmente clicar no link de descadastramento fornecido em todos os nossos e-mails.</p>\n\n<p><strong>Como compartilhamos informa&ccedil;&otilde;es pessoais com outras partes</strong></p>\n\n<p>Podemos compartilhar suas informa&ccedil;&otilde;es pessoais com:</p>\n\n<p>Membros da rede corporativa&nbsp;ASTHAMED&nbsp;para fornecer conte&uacute;do, produtos e servi&ccedil;os conjuntos (como registro, transa&ccedil;&otilde;es e suporte ao cliente) para ajudar a detectar e impedir atos potencialmente ilegais e viola&ccedil;&otilde;es de nossas pol&iacute;ticas, al&eacute;m de cooperar nas decis&otilde;es quanto a seus produtos, servi&ccedil;os e comunica&ccedil;&otilde;es.</p>\n\n<p>Os membros da nossa rede corporativa usar&atilde;o essas informa&ccedil;&otilde;es para lhe enviar comunica&ccedil;&otilde;es de marketing apenas se voc&ecirc; tiver solicitado seus servi&ccedil;os.</p>\n\n<p>Fornecedores dos servi&ccedil;os sob contrato que colaboram em partes de nossas opera&ccedil;&otilde;es comerciais; (preven&ccedil;&atilde;o contra fraude, atividades de cobran&ccedil;a, marketing, servi&ccedil;os de tecnologia). Nossos contratos determinam que esses fornecedores de servi&ccedil;o s&oacute; usem suas informa&ccedil;&otilde;es em rela&ccedil;&atilde;o aos servi&ccedil;os que realizam para n&oacute;s, e n&atilde;o em benef&iacute;cio pr&oacute;prio.</p>\n\n<p>Empresas com as quais pretendemos nos fundir ou adquirir. (Se ocorrer uma fus&atilde;o, exigiremos que a nova entidade constitu&iacute;da siga essa pol&iacute;tica de privacidade com rela&ccedil;&atilde;o &agrave;s suas informa&ccedil;&otilde;es pessoais. Se suas informa&ccedil;&otilde;es pessoais puderem ser usadas contra essa pol&iacute;tica, voc&ecirc; receber&aacute; um aviso pr&eacute;vio).</p>\n\n<p>Autoridades policiais, oficiais do governo ou outros terceiros quando:</p>\n\n<p>Formos obrigados a isso por intima&ccedil;&atilde;o, decis&atilde;o judicial ou procedimento legal semelhante. Precisamos fazer isso para estar em conformidade com a lei ou com as regras de associa&ccedil;&atilde;o de cart&atilde;o de cr&eacute;dito</p>\n\n<p>Estivermos cooperando com uma investiga&ccedil;&atilde;o policial em andamento. Acreditamos, de boa f&eacute;, que a divulga&ccedil;&atilde;o das informa&ccedil;&otilde;es pessoais &eacute; necess&aacute;ria para impedir danos f&iacute;sicos ou perdas financeiras, para reportar atividade ilegal suspeita ou investigar viola&ccedil;&otilde;es do nosso Contrato do usu&aacute;rio.</p>\n\n<p>Outros terceiros com seu consentimento ou orienta&ccedil;&atilde;o para tanto.</p>\n\n<p>Note que esses terceiros podem estar em outros pa&iacute;ses nos quais a legisla&ccedil;&atilde;o sobre o processamento de informa&ccedil;&otilde;es pessoais seja menos r&iacute;gida do que a do seu pa&iacute;s.</p>\n\n<p>Nos casos em que nossa empresa e um parceiro promovem juntos nossos Servi&ccedil;os, n&oacute;s podemos divulgar ao parceiro algumas informa&ccedil;&otilde;es pessoais tais como nome, endere&ccedil;o e nome de usu&aacute;rio das pessoas que se inscreveram nos nossos Servi&ccedil;os com resultado da promo&ccedil;&atilde;o conjunta com o &uacute;nico prop&oacute;sito de permitir a n&oacute;s e ao parceiro avaliar os resultados da promo&ccedil;&atilde;o.</p>\n\n<p>Nesse caso, informa&ccedil;&otilde;es pessoais n&atilde;o podem ser usadas pelo parceiro para nenhum outro prop&oacute;sito. O&nbsp;ASTHAMED&nbsp;n&atilde;o vender&aacute; ou alugar&aacute; nenhuma das suas informa&ccedil;&otilde;es pessoais para terceiros no curso normal dos neg&oacute;cios e s&oacute; compartilha suas informa&ccedil;&otilde;es pessoais com terceiros, conforme descrito nesta pol&iacute;tica.</p>\n\n<p>Se voc&ecirc; se inscrever no&nbsp;ASTHAMED&nbsp;diretamente em um site de terceiros ou por meio de um aplicativo de terceiros, qualquer informa&ccedil;&atilde;o inserida naquele site ou aplicativo (e n&atilde;o diretamente em um site do&nbsp;ASTHAMED) ser&aacute; compartilhada com o propriet&aacute;rio desse site ou aplicativo &ndash; e suas informa&ccedil;&otilde;es podem estar sujeitas as pol&iacute;ticas de privacidade deles.</p>\n', 1),
	(144, 1, 52, 90, '<p>IMPORTANTE! ESSES TERMOS DE SERVI&Ccedil;O REGULAM O USO DESTE SITE DISPONIBILIZADO PELA ASTHAMED. AO ACESSAR A ESSE SITE, VOC&Ecirc; ATESTA SEU CONHECIMENTO E CONCORD&Acirc;NCIA COM ESSES TERMOS DE USO.</p>\n\n<p>ESSES TERMOS DE USO PODEM SER ALTERADOS A QUALQUER TEMPO E SEM AVISO. AS UTILIZA&Ccedil;&Otilde;ES DESTE SITE AP&Oacute;S TAIS ALTERA&Ccedil;&Otilde;ES ENTREM EM VIGOR CONSTITUI SEU CONHECIMENTO E ACEITA&Ccedil;&Atilde;O DAS MUDAN&Ccedil;AS.</p>\n\n<p>POR FAVOR, CONSULTE OS TERMOS DE USO ANTES DE CADA USO PARA AVERIGUAR MODIFICA&Ccedil;&Otilde;ES.</p>\n\n<p><strong>Acesso ao site</strong></p>\n\n<p>Para acessar a esse site ou alguns dos recursos que ele oferece, pode ser requerido que voc&ecirc; forne&ccedil;a alguns detalhes para inscri&ccedil;&atilde;o ou outras informa&ccedil;&otilde;es. &Eacute; uma condi&ccedil;&atilde;o de uso deste site que toda a informa&ccedil;&atilde;o que voc&ecirc; forne&ccedil;a seja correta, atualizada e completa.</p>\n\n<p>Se a Empresa acreditar que a informa&ccedil;&atilde;o que a informa&ccedil;&atilde;o fornecida n&atilde;o &eacute; correta, atualizada ou completa, temos o direito de recusar o seu acesso a esse site ou qualquer um de seus servi&ccedil;os e tamb&eacute;m de cancelar ou suspender seu acesso a qualquer tempo sem notifica&ccedil;&atilde;o pr&eacute;via.</p>\n\n<p><strong>Restri&ccedil;&otilde;es de uso</strong></p>\n\n<p>Voc&ecirc; pode utilizar esse site para prop&oacute;sitos expressamente permitidos por esse site. Voc&ecirc; n&atilde;o pode utiliz&aacute;-lo em qualquer outro objetivo, incluindo prop&oacute;sitos comerciais, sem o consentimento pr&eacute;vio expresso e escrito da nossa Empresa. Por exemplo, voc&ecirc; n&atilde;o pode (e tampouco pode autorizar a terceiros) a (i) associar a marca da nossa Empresa a nenhuma outra, ou (ii) fazer um frame deste site em outro ou (iii) fazer um hiperlink para este site sem a autoriza&ccedil;&atilde;o expressa pr&eacute;via e escrita de um representante da nossa Empresa.</p>\n\n<p>Para efeitos deste termo de uso desses Termos de Uso, &ldquo;associar a marca da nossa Empresa&rdquo; significa expor nome, logo, marca comercial ou outros meios de atribui&ccedil;&atilde;o ou identifica&ccedil;&atilde;o em fonte de maneira que d&ecirc; ao usu&aacute;rio a impress&atilde;o de que tal fonte tem o direito de expor, publicar ou distribuir este site ou o conte&uacute;do disponibilizado por ele.</p>\n\n<p>Voc&ecirc; concorda em cooperar com a Empresa para cessar qualquer associa&ccedil;&atilde;o, frame ou hiperlink n&atilde;o autorizados. Propriedade da Informa&ccedil;&atilde;o, o material e conte&uacute;do (referido nesse documento como &ldquo;conte&uacute;do&rdquo;) acess&iacute;veis neste site e qualquer outro web site de propriedade, licenciado ou controlado pela nossa Empresa pertence &agrave; Empresa ou da fonte que forneceu o conte&uacute;do &agrave; nossa Empresa, e nossa Empresa ou a fonte em quest&atilde;o det&eacute;m todo o direito, t&iacute;tulo e proveito no Conte&uacute;do.</p>\n\n<p>Da mesma forma, o conte&uacute;do n&atilde;o pode ser copiado, distribu&iacute;do, republicado, carregado, postado ou transmitido por qualquer meio sem o consentimento pr&eacute;vio escrito de nossa Empresa, ou ao menos que esteja autorizado de forma escrita no nosso site, exceto quando voc&ecirc; imprime uma c&oacute;pia para seu uso pessoal somente. Ao fazer isso, voc&ecirc; n&atilde;o pode remover, alterar ou causar remo&ccedil;&atilde;o ou altera&ccedil;&atilde;o em qualquer copyright, marca comercial, nome comercial, marca de servi&ccedil;o ou qualquer outro aviso de propriedade no Conte&uacute;do.</p>\n\n<p>Modifica&ccedil;&atilde;o ou uso do Conte&uacute;do em qualquer outra forma que n&atilde;o as expressamente descritas nesse Termo de Uso, viola os direitos de propriedade intelectual de nossa Empresa.</p>\n\n<p>Nem autoria nem a propriedade intelectual s&atilde;o transferidas para voc&ecirc; ao acessar esse site.</p>\n\n<p><strong>Hiperlinks</strong><br />\n<br />\nEste site pode conter links para outros websites que n&atilde;o s&atilde;o mantidos ou mesmo relacionados &agrave; nossa Empresa. Hiperlinks para tais sites s&atilde;o providos como um servi&ccedil;o para usu&aacute;rios e n&atilde;o s&atilde;o afiliados a este site ou &agrave; nossa Empresa.</p>\n\n<p>Nossa Empresa n&atilde;o revisa todos ou mesmo nenhum desses sites e n&atilde;o &eacute; respons&aacute;vel pelo conte&uacute;do deles. O usu&aacute;rio assume o risco ao acessar esses hiperlinks e nossa Empresa n&atilde;o faz nenhuma representa&ccedil;&atilde;o ou d&aacute; garantias sobre a plenitude ou precis&atilde;o dos hiperlinks e os sites ao quais eles direcionam. Finalmente, a conclus&atilde;o de qualquer hiperlink para um site de terceiro n&atilde;o necessariamente implica endosso da nossa Empresa para esse site.</p>\n\n<p><strong>Envios</strong></p>\n\n<p>Por este termo, voc&ecirc; garante &agrave; nossa Empresa o direito e licen&ccedil;a royalty-free, perp&eacute;tuo, irrevoc&aacute;vel, global n&atilde;o exclusivo de usar, reproduzir, modificar, adaptar, publicar, traduzir, criar trabalhos derivados, distribuir, representar e expor todo o conte&uacute;do, observa&ccedil;&otilde;es, sugest&otilde;es, id&eacute;ias, desenhos ou outras informa&ccedil;&otilde;es comunicadas &agrave; nossa Empresa por esse site (juntos, denominados agora como &ldquo;Envios&rdquo;), e incorporar qualquer Envio em outros trabalhos em qualquer formato, m&iacute;dia ou tecnologia conhecida hoje ou ainda a ser desenvolvida.</p>\n\n<p>Nossa Empresa n&atilde;o ser&aacute; obrigada a tratar nenhum Envio como confidencial e pode usar qualquer Envio em seu neg&oacute;cio (incluindo e n&atilde;o se limitando a produtos ou propaganda) sem ser imputada nenhuma responsabilidade por royalties ou qualquer outra considera&ccedil;&atilde;o de qualquer tipo e como resultado n&atilde;o fica respons&aacute;vel por qualquer similaridade que possa aparecer em opera&ccedil;&otilde;es futuras da Empresa.</p>\n\n<p>Nossa Empresa tratar&aacute; qualquer informa&ccedil;&atilde;o pessoal que voc&ecirc; submeter por esse site de acordo com as Pol&iacute;ticas de Privacidade do site.</p>\n\n<p><strong>Aviso Legal:</strong></p>\n\n<p>Voc&ecirc; entende que nossa Empresa n&atilde;o pode e n&atilde;o garante que arquivos dispon&iacute;veis para download da Internet estejam livres de v&iacute;rus, worms, cavalos de Tr&oacute;ia ou outro c&oacute;digo que possa manifestar propriedades contaminadoras ou destrutivas.</p>\n\n<p>Voc&ecirc; &eacute; respons&aacute;vel por implementar procedimentos e checkpoints suficientes para satisfazer seus requisitos de seguran&ccedil;a e por manter meios externos a este site para reconstru&ccedil;&atilde;o de qualquer dado perdido.</p>\n\n<p>Nossa Empresa n&atilde;o assume nenhuma responsabilidade ou risco pelo uso da internet.</p>\n\n<p>O Conte&uacute;do n&atilde;o &eacute; necessariamente completo e atualizado e n&atilde;o deve ser usado para substituir quaisquer relat&oacute;rios, declara&ccedil;&otilde;es ou avisos dados pela Empresa.</p>\n\n<p>Investidores, colaboradores e outros devem usar o Conte&uacute;do da mesma maneira que qualquer outro ambiente educacional e n&atilde;o deve confiar somente no Conte&uacute;do em detrimento de seu pr&oacute;prio julgamento profissional.</p>\n\n<p>A informa&ccedil;&atilde;o obtida ao usar este site n&atilde;o &eacute; completa e n&atilde;o cobre todas as quest&otilde;es, t&oacute;picos ou fatos que possam ser relevantes para seus objetivos.</p>\n\n<p>O USO DESTE SITE &Eacute; DE SUA TOTAL RESPONSABILIDADE. O CONTE&Uacute;DO &Eacute; OFERECIDO COMO EST&Aacute; E SEM GARANTIAS DE QUALQUER TIPO, EXPRESSAS OU IMPL&Iacute;CITAS.</p>\n\n<p>NOSSA EMPRESA N&Atilde;O GARANTE QUE AS FUN&Ccedil;&Otilde;ES OU CONTE&Uacute;DO PRESENTE NESTE SITE SER&Aacute; CONT&Iacute;NUO, LIVRE DE ERROS, QUE FALHAS SER&Atilde;O CORRIGIDAS OU QUE ESTE SITE E SERVIDOR QUE O TORNA DISPON&Iacute;VEL EST&Atilde;O LIVRES DE V&Iacute;RUS OU OUTROS COMPONENTES DESTRUTIVOS.</p>\n\n<p>NOSSA EMPRESA N&Atilde;O GARANTE OU FAZ QUALQUER REPRESENTA&Ccedil;&Atilde;O RELACIONADA AO USO OU RESULTADOS DO USO DO CONTE&Uacute;DO EM TERMOS DE PRECIS&Atilde;O, CONFIABILIDADE OU OUTROS.</p>\n\n<p>O CONTE&Uacute;DO PODE INCLUIR IMPRECIS&Otilde;ES T&Eacute;CNICAS OU ERROS TIPOGR&Aacute;FICOS E A EMPRESA PODE FAZER MUDAN&Ccedil;AS OU MELHORIAS A QUALQUER MOMENTO.</p>\n\n<p>VOC&Ecirc;, E N&Atilde;O A NOSSA EMPRESA, ASSUME O CUSTO DE QUALQUER SERVI&Ccedil;O, REPARO OU CORRE&Ccedil;&Atilde;O NECESS&Aacute;RIOS NO CASO DE QUALQUER PERDA OU DANO CONSEQUENTE DO USO DESTE SITE OU SEU CONTE&Uacute;DO.</p>\n\n<p>NOSSA EMPRESA N&Atilde;O OFERECE GARANTIA QUE O USO DESTE CONTE&Uacute;DO N&Atilde;O INFRIGIR&Aacute; O DIREITO DE OUTRO E N&Atilde;O ASSUMEM QUALQUER RESPONSABILIDADE POR ERROS OU OMISS&Otilde;ES EM TAL CONTE&Uacute;DO.</p>\n\n<p>Toda informa&ccedil;&atilde;o neste site seja de natureza hist&oacute;rica ou prospectivas &eacute; v&aacute;lida somente para a data que foi publicada no site e a Empresa n&atilde;o se compromete com nenhuma obriga&ccedil;&atilde;o de atualizar tal informa&ccedil;&atilde;o depois que &eacute; publicada ou remover tal informa&ccedil;&atilde;o deste site caso ela n&atilde;o seja (mais) precisa ou completa.</p>\n\n<p><strong>Limita&ccedil;&atilde;o de responsabilidade</strong></p>\n\n<p>A EMPRESA, SUAS FILIAIS, AFILIADOS, LICENCIANTES, PROVEDORES DE SERVI&Ccedil;O, PROVEDORES DE CONTE&Uacute;DO, EMPREGADOS, AGENTES, ADMINISTRADORES E DIRETORES N&Atilde;O SER&Atilde;O RESPONS&Aacute;VEIS POR QUALQUER DANO EVENTUAL, DIRETO, INDIRETO, PUNITIVO, REAL, CONSEQUENTE, ESPECIAL, EXEMPLAR OU DE QUALQUER OUTRO TIPO, INCLUINDO PERDA DE RECEITA OU RENDA, DOR E SOFRIMENTO, ESTRESSE EMOCIONAL OU SIMILARES MESMO QUE A EMPRESA TENHA ACONSELHADO SOBRE A POSSIBILIDADE DE TAIS DANOS.</p>\n\n<p>DE NENHUMA FORMA A RESPONSABILDIADE COLETIVA DA EMPRESA E SUAS FILIAIS, AFILIADOS, LICENCIANTES, PROVEDORES DE SERVI&Ccedil;O, PROVEDORES DE CONTE&Uacute;DO, EMPREGADOS, AGENTES, ADMINISTRADORES E DIRETORES EM RELA&Ccedil;&Atilde;O A TERCEIROS (INDEPENDENTE DO TIPO DE A&Ccedil;&Atilde;O, SEJA POR CONTRATO OU QUALQUER OUTRO) EXCEDER&Aacute; A QUANTIA DE R$100 OU O VALOR PAGO &Agrave; EMPRESA POR TAL CONTE&Uacute;DO, PRODUTO OU SERVI&Ccedil;O DO QUAL A QUEST&Atilde;O TENHA SIDO LEVANTADA.</p>\n\n<p><strong>Indeniza&ccedil;&atilde;o</strong></p>\n\n<p>Voc&ecirc; vai indenizar e isentar a Empresa, suas filiais, afiliados, licenciantes, provedores de servi&ccedil;o, provedores de conte&uacute;do, empregados, agentes, administradores e diretores (referidas agora como Partes Isentas) de qualquer viola&ccedil;&atilde;o desse Termo de Uso por voc&ecirc;, incluindo o uso do Conte&uacute;do diferente do expresso aqui.</p>\n\n<p>Voc&ecirc; concorda que as Partes Isentas n&atilde;o t&ecirc;m responsabilidade ou conex&atilde;o com qualquer viola&ccedil;&atilde;o ou uso n&atilde;o autorizado e voc&ecirc; concorda em remediar toda e qualquer perda, dano, julgamento, pr&ecirc;mios, custo, despesas e honor&aacute;rios advocat&iacute;cios das Partes Isentas ligadas a viola&ccedil;&atilde;o.</p>\n\n<p>Voc&ecirc; tamb&eacute;m indenizar&aacute; e isentar&aacute; as Partes Isentas de qualquer reivindica&ccedil;&atilde;o de terceiros resultante do uso da informa&ccedil;&atilde;o contida neste site.</p>\n\n<p><strong>Marcas Registradas</strong></p>\n\n<p>Marcas e logos presentes neste site s&atilde;o propriedade da Empresa ou da parte que as disponibilizaram para a Empresa.</p>\n\n<p>A Empresa e as partes que disponibilizaram marca e logo det&eacute;m todos os direitos sobre as mesmas.</p>\n\n<p><strong>Informa&ccedil;&atilde;o provida pelo usu&aacute;rio</strong></p>\n\n<p>Voc&ecirc; n&atilde;o pode publicar enviar, apresentar ou fazer conex&atilde;o a esse site qualquer material que: voc&ecirc; n&atilde;o tenha o direito de postar, incluindo material de propriedade de terceiros defenda atividade ilegal ou discutir a inten&ccedil;&atilde;o de fazer algo ilegal; seja vulgar, obsceno, pornogr&aacute;fico ou indecente n&atilde;o diga respeito diretamente a este site; possa amea&ccedil;ar ou insultar outros, difamar, caluniar, invadir privacidade, perseguir, ser obsceno, pornogr&aacute;fico, racista, assediar ou ofender; busca explorar ou prejudicar crian&ccedil;as expondo-as a conte&uacute;do inapropriado, perguntar sobre informa&ccedil;&otilde;es pessoais ou qualquer outro do tipo; infrinja qualquer propriedade intelectual ou outro direito de pessoa ou entidade, incluindo viola&ccedil;&otilde;es de direitos autorais, marca registrada ou direitos de publicidade; violam qualquer lei ou podem ser considerados para violar a lei; personifique ou deturpar sua conex&atilde;o com qualquer entidade ou pessoa; ou ainda manipula t&iacute;tulos ou identificadores para encobrir a origem do conte&uacute;do promova qualquer empreendimento comercial (ex: oferecer produtos ou servi&ccedil;os em promo&ccedil;&atilde;o) ou que engaje de qualquer forma em uma atividade comercial (ex: realizar sorteios ou concursos, expor banners patrocinadores e/ou solicitar bens e servi&ccedil;os) exceto que especificamente autorizado neste site; solicitar fundos, divulga&ccedil;&otilde;es ou patrocinadores; inclua programas com v&iacute;rus, worms e/ou Cavalos de Tr&oacute;ia ou qualquer outro c&oacute;digo, arquivo ou programa de computador destinado a interromper, destruir ou limitar a funcionalidade de qualquer software ou hardware de computador ou telecomunica&ccedil;&otilde;es; interrompa o fluxo normal da conversa, fa&ccedil;a com que a tela &ldquo;role&rdquo; mais r&aacute;pido que os os outros usu&aacute;rios conseguem acompanhar ou mesmo agir de modo a afetar a habilidade de outras pessoas de se engajar em atividades em tempo real neste site; inclua arquivos em formato MP3 desobede&ccedil;a qualquer pol&iacute;tica ou regra estabelecida de tempos em tempos para o uso desse site ou qualquer rede conectada a ele; ou contenha hiperlinks para sites que contenham conte&uacute;do que se enquadrem nas descri&ccedil;&otilde;es acima.</p>\n\n<p>Mesmo sem a obriga&ccedil;&atilde;o de faz&ecirc;-lo, nossa Empresa reserva o direito de monitorar o uso deste site para determinar o cumprimento desse Termo de Uso assim como o de remover ou vetar qualquer informa&ccedil;&atilde;o por qualquer raz&atilde;o.</p>\n\n<p>De qualquer forma voc&ecirc; &eacute; completamente respons&aacute;vel pelo conte&uacute;do de seus envios.</p>\n\n<p>Voc&ecirc; sabe e concorda que nem a Empresa ou qualquer terceiro provendo conte&uacute;do para a Empresa assumir&aacute; qualquer responsabilidade por nenhuma a&ccedil;&atilde;o ou ina&ccedil;&atilde;o da Empresa ou referido terceiro a respeito de qualquer envio.</p>\n\n<p><strong>Seguran&ccedil;a</strong></p>\n\n<p>Toda senha usada para este site &eacute; somente para uso individual.</p>\n\n<p>Voc&ecirc; &eacute; respons&aacute;vel pela seguran&ccedil;a de sua senha (se for o caso).</p>\n\n<p>A Empresa tem o direito de monitorar a seguran&ccedil;a de sua senha e ao seu crit&eacute;rio pode pedir que voc&ecirc; a mude.</p>\n\n<p>Se voc&ecirc; usar qualquer senha que a Empresa considere insegura, a Empresa tem o direito de requisitar que a senha seja modificada e/ou cancelar a sua conta.</p>\n\n<p>&Eacute; proibido usar qualquer servi&ccedil;o ou ferramenta conectada a este site para comprometer a seguran&ccedil;a ou mexer com os recursos do sistema e/ou contas.</p>\n\n<p>O uso ou distribui&ccedil;&atilde;o de ferramentas destinadas para comprometer a seguran&ccedil;a (ex: programas para descobrir senha, ferramentas de crack ou de sondagem da rede) s&atilde;o estritamente proibidos.</p>\n\n<p>Se voc&ecirc; estiver envolvido em qualquer viola&ccedil;&atilde;o da seguran&ccedil;a do sistema, a Empresa se reserva o direito de fornecer suas informa&ccedil;&otilde;es para os administradores de sistema de outros sites para ajud&aacute;-los a resolver incidentes de seguran&ccedil;a.</p>\n\n<p>A Empresa se reserva o direito de investigar potenciais viola&ccedil;&otilde;es a esse Termo de Uso.</p>\n\n<p>A Empresa se reserva o direito de cooperar totalmente com as autoridades competentes ou pedidos da justi&ccedil;a para que a Empresa revele a identidade de qualquer pessoa que publique e-mail, mensagem ou disponibilize qualquer material que possa violar esse Termo de Uso.</p>\n\n<p>AO ACEITAR ESSE ACORDO VOC&Ecirc; ISENTA A EMPRESA DE QUALQUER CONSEUQUENCIA RESULTANTE DE QUALQUER A&Ccedil;AO DA EMPRESA DURANTE OU COMO RESULTADO DE SUAS INVESTIGA&Ccedil;&Otilde;ES E/OU DE A&Ccedil;&Otilde;ES TOMADAS RESULTANTES DE INVESTIGA&Ccedil;OES TANTO DA EMPRESA QUANTO DAS AUTORIDADES DE JUSTI&Ccedil;A COMPETENTES.</p>\n', 1),
	(170, 1, 60, 94, '', 1),
	(171, 1, 60, 95, '[{"label":"Imagem","type":"image","value":{"valor":{"url":"banner-desktop.jpg","status":true}}},{"label":"Imagem","type":"image","value":{"valor":{"url":"banner-desktop.jpg","status":true}}}]', 1),
	(172, 1, 60, 96, '[{"label":"Imagem","type":"image","value":{"valor":{"url":"banner-desktop.jpg","status":true}}}]', 1),
	(2365, 1, 413, 930, '<h1>Produtos</h1>\n\n<p>Confira nossos produtos</p>\n', 1),
	(2419, 1, 445, 492, 'O valor do IPTU é calculado com base na avaliação fiscal da propriedade, que leva em consideração fatores como a localização, tamanho do terreno, área construída, valor venal do imóvel e a alíquota estabelecida pelo município. Geralmente, a fórmula para o cálculo é: Valor Venal x Alíquota = Valor do IPTU. O valor venal é estabelecido pelo órgão municipal de tributação com base em critérios próprios.', 1),
	(2425, 1, 447, 492, 'As isenções e descontos no IPTU variam de acordo com as leis e regulamentos municipais. Geralmente, existem isenções para imóveis de baixo valor, aposentados, pensionistas, pessoas com deficiência, imóveis rurais e organizações sem fins lucrativos. Além disso, alguns municípios oferecem descontos para pagamento antecipado ou em cota única. Para saber quais isenções e descontos estão disponíveis em sua área, é importante consultar a legislação local ou o órgão de tributação municipal.', 1),
	(2480, 1, 463, 942, '<h1>Sobre</h1>\n\n<p>Desde 2006, a&nbsp;Asthamed Hospitalar&nbsp;tem se destacado como refer&ecirc;ncia no fornecimento de produtos odontol&oacute;gicos, est&eacute;ticos, hospitalares e descart&aacute;veis para profissionais da sa&uacute;de.</p>\n', 1),
	(2514, 1, 465, 972, '<h1>Fale Conosco</h1>\n\n<p>Estamos sempre prontos para ouvir voc&ecirc;!</p>\n', 1),
	(2530, 1, 469, 492, 'Se você discordar do valor do IPTU atribuído à sua propriedade, geralmente é possível recorrer ou contestar o valor junto ao órgão de tributação municipal. O processo varia de acordo com a legislação local, mas geralmente envolve a apresentação de um recurso formal dentro de um prazo estabelecido. É importante reunir documentação que sustente sua contestação, como avaliações de imóveis comparáveis, erros nos dados do imóvel ou outras evidências que justifiquem uma revisão. Verifique os procedimentos específicos junto ao departamento de tributação de sua cidade para saber como proceder.', 1),
	(2531, 1, 463, 973, '<h2>Sobre N&oacute;s</h2>\n\n<p>Desde 2006, a&nbsp;Asthamed Hospitalar&nbsp;tem se destacado como refer&ecirc;ncia no fornecimento de produtos odontol&oacute;gicos, est&eacute;ticos, hospitalares e descart&aacute;veis para profissionais da sa&uacute;de. Nosso compromisso &eacute; oferecer solu&ccedil;&otilde;es de alta qualidade, com agilidade na entrega e um atendimento especializado que entende as necessidades dos nossos clientes.<br />\n<br />\nAtuamos com foco em dentistas, esteticistas e cl&iacute;nicas veterin&aacute;rias e hospitais, garantindo que cada cliente receba produtos que elevem a seguran&ccedil;a, efici&ecirc;ncia e resultados dos seus atendimentos. Com um portf&oacute;lio das principais marcas do mercado, nossa miss&atilde;o &eacute; ser um parceiro confi&aacute;vel e estrat&eacute;gico para sua cl&iacute;nica ou consult&oacute;rio.</p>\n', 1),
	(2550, 1, 471, 992, 'Minha parceira de confiança para todos os produtos odontológicos que utilizo na minha clínica. Além da qualidade dos produtos, o atendimento é sempre rápido e eficiente, garantindo que eu nunca tenha interrupções no meu trabalho. Recomendo sem hesitar!', 1),
	(2553, 1, 465, 995, 'Preencha o formulário abaixo e nossa equipe entrará em contato com você o mais breve possível', 1),
	(2557, 1, 463, 999, 'Distribuir nossos produtos com qualidade, agilidade na entrega e excelência no atendimento, proporcionando a satisfação dos nossos clientes, fornecedores e colaboradores.', 1),
	(2558, 1, 463, 1000, 'Ser reconhecida como uma empresa sólida, confiável, comprometida com a lei e com a ética.', 1),
	(2559, 1, 463, 1001, 'Temos um compromisso com a ética, integridade, nossos clientes, com o trabalho em equipe, com a responsabilidade e sobretudo com o profissionalismo.', 1),
	(2585, 1, 472, 992, 'Além da qualidade dos produtos, o atendimento é sempre rápido e eficiente, garantindo que eu nunca tenha interrupções no meu trabalho. Recomendo sem hesitar! 1', 1),
	(2586, 1, 473, 992, 'A Asthamed tem sido minha parceira de confiança para todos os produtos odontológicos que utilizo na minha clínica.', 1),
	(2588, 1, 475, 1028, '1', 1),
	(2589, 1, 475, 1029, '{"url":"linha-odontologica-white.png","status":true}', 1),
	(2590, 1, 475, 1030, '{"url":"linha-odontologica-green.png","status":true}', 1),
	(2591, 1, 476, 1028, '2', 1),
	(2592, 1, 476, 1029, '{"url":"linha-estetica.png","status":true}', 1),
	(2593, 1, 476, 1030, '{"url":"linha-estetica-green.png","status":true}', 1),
	(2594, 1, 477, 1028, '3', 1),
	(2595, 1, 477, 1029, '{"url":"linha-veterinaria.png","status":true}', 1),
	(2596, 1, 477, 1030, '{"url":"linha-veterinaria-green.png","status":true}', 1),
	(2597, 1, 478, 1028, '4', 1),
	(2598, 1, 478, 1029, '{"url":"medicamentos-injetaveis.png","status":true}', 1),
	(2599, 1, 478, 1030, '{"url":"medicamentos-injetaveis-green.png","status":true}', 1),
	(2600, 1, 479, 1028, '5', 1),
	(2601, 1, 479, 1029, '{"url":"materiais-hospitalares.png","status":true}', 1),
	(2602, 1, 479, 1030, '{"url":"materiais-hospitalares-green.png","status":true}', 1),
	(2603, 1, 480, 926, '1', 1),
	(2604, 1, 480, 1031, '479', 1),
	(2605, 1, 480, 964, '{"url":"image 101.png","status":true}', 1),
	(2606, 1, 480, 1032, '', 1),
	(2607, 1, 480, 1033, '', 1),
	(2608, 1, 481, 926, '1', 1),
	(2609, 1, 481, 1031, '479', 1),
	(2610, 1, 481, 964, '{"url":"image 102.png","status":true}', 1),
	(2611, 1, 481, 1032, '', 1),
	(2612, 1, 481, 1033, '', 1),
	(2613, 1, 482, 926, '1', 1),
	(2614, 1, 482, 1031, '479', 1),
	(2615, 1, 482, 964, '{"url":"image 103.png","status":true}', 1),
	(2616, 1, 482, 1032, '[{"titulo":"Recipiente","valor":"Gal\\u00e3o"},{"titulo":"Material","valor":"Pl\\u00e1stico"},{"titulo":"Volume","valor":"5L"}]', 1),
	(2617, 1, 482, 1033, '<p>Recipiente recicl&aacute;vel e reutiliz&aacute;vel.</p>\n', 1),
	(2618, 1, 483, 926, '1', 1),
	(2619, 1, 483, 1031, '479', 1),
	(2620, 1, 483, 964, '{"url":"image 104.png","status":true}', 1),
	(2621, 1, 483, 1032, '', 1),
	(2622, 1, 483, 1033, '', 1),
	(2623, 1, 60, 1034, '', 1),
	(2624, 1, 60, 1035, '<h2>Mais que Produtos, Solu&ccedil;&otilde;es de Confian&ccedil;a em Sa&uacute;de</h2>\n\n<p>A Asthamed &Eacute; a Escolha Certa para a &Aacute;rea Hospitalar</p>\n\n<ul>\n	<li>Solu&ccedil;&otilde;es &Aacute;geis e Eficazes</li>\n	<li>Parceria com as melhores marcas do mercado</li>\n	<li>Atendimento Personalizado</li>\n</ul>\n\n<p>Oferecemos consultoria personalizada e apoio t&eacute;cnico para ajudar voc&ecirc; a tomar as melhores decis&otilde;es de compra! Entre em contato com a nossa equipe especializada.</p>\n', 1),
	(2625, 1, 60, 1036, '{"url":"index-formulario.png","status":true}', 1),
	(2626, 1, 60, 1037, '', 1),
	(2627, 1, 60, 1038, '[{"label":"Imagem","type":"image","value":{"valor":{"url":"1-frota-propria.png","status":true,"titulo":"Frota pr\\u00f3pria e log\\u00edstica r\\u00e1pida"}}},{"label":"Imagem","type":"image","value":{"valor":{"url":"2-estoque.png","status":true,"titulo":"Estoque sempre dispon\\u00edvel"}}},{"label":"Imagem","type":"image","value":{"valor":{"url":"3-precos.png","status":true,"titulo":"Pre\\u00e7os competitivos e cobertura de ofertas"}}},{"label":"Imagem","type":"image","value":{"valor":{"url":"4-pagamento.png","status":true,"titulo":"Pagamento Facilitado\\u00a0de acordo com a sua necessidade"}}}]', 1),
	(2628, 1, 484, 926, '1', 1),
	(2629, 1, 484, 1031, '475', 1),
	(2630, 1, 484, 964, '{"url":"image 93.png","status":true}', 1),
	(2631, 1, 484, 1032, '', 1),
	(2632, 1, 484, 1033, '', 1),
	(2633, 1, 485, 926, '1', 1),
	(2634, 1, 485, 1031, '475', 1),
	(2635, 1, 485, 964, '{"url":"image 94.png","status":true}', 1),
	(2636, 1, 485, 1032, '', 1),
	(2637, 1, 485, 1033, '', 1),
	(2638, 1, 486, 926, '1', 1),
	(2639, 1, 486, 1031, '475', 1),
	(2640, 1, 486, 964, '{"url":"image 95.png","status":true}', 1),
	(2641, 1, 486, 1032, '', 1),
	(2642, 1, 486, 1033, '', 1),
	(2643, 1, 487, 926, '1', 1),
	(2644, 1, 487, 1031, '475', 1),
	(2645, 1, 487, 964, '{"url":"image 96.png","status":true}', 1),
	(2646, 1, 487, 1032, '', 1),
	(2647, 1, 487, 1033, '', 1),
	(2648, 1, 60, 1039, '', 1),
	(2649, 1, 60, 1040, '{"url":"promo.jpg","status":true,"link":"https:\\/\\/www.raddar.digital","blank":true}', 1),
	(2650, 1, 488, 926, '1', 1),
	(2651, 1, 488, 1031, '476', 1),
	(2652, 1, 488, 964, '{"url":"image 97.png","status":true}', 1),
	(2653, 1, 488, 1032, '', 1),
	(2654, 1, 488, 1033, '', 1),
	(2655, 1, 489, 926, '1', 1),
	(2656, 1, 489, 1031, '476', 1),
	(2657, 1, 489, 964, '{"url":"image 98.png","status":true}', 1),
	(2658, 1, 489, 1032, '', 1),
	(2659, 1, 489, 1033, '', 1),
	(2660, 1, 490, 926, '1', 1),
	(2661, 1, 490, 1031, '476', 1),
	(2662, 1, 490, 964, '{"url":"image 99.png","status":true}', 1),
	(2663, 1, 490, 1032, '', 1),
	(2664, 1, 490, 1033, '', 1),
	(2665, 1, 491, 926, '1', 1),
	(2666, 1, 491, 1031, '476', 1),
	(2667, 1, 491, 964, '{"url":"image 100.png","status":true}', 1),
	(2668, 1, 491, 1032, '', 1),
	(2669, 1, 491, 1033, '', 1),
	(2670, 1, 60, 1041, '', 1),
	(2671, 1, 60, 1042, '{"url":"Placeholder.png","status":true}', 1),
	(2672, 1, 60, 1043, '{"url":"Placeholder-1.png","status":true}', 1),
	(2673, 1, 60, 1044, 'Há mais de 18 anos, a Asthamed se dedica a oferecer produtos com qualidade, confiabilidade e atendimento especializado.', 1),
	(2674, 1, 60, 1045, '<h2>Quer saber mais ou precisa de ajuda com nossos produtos?&nbsp;</h2>\n\n<p>Preencha o formul&aacute;rio abaixo e nossa equipe entrar&aacute; em contato o mais r&aacute;pido poss&iacute;vel para oferecer atendimento personalizado e suporte necess&aacute;rio</p>\n', 1),
	(2675, 1, 492, 1046, '{"url":"fornecedores.png","status":true}', 1),
	(2676, 1, 492, 1047, '[{"label":"Imagem","type":"image","value":{"valor":{"url":"image 44.png","status":true}}},{"label":"Imagem","type":"image","value":{"valor":{"url":"image 45.png","status":true}}},{"label":"Imagem","type":"image","value":{"valor":{"url":"image 46.png","status":true}}},{"label":"Imagem","type":"image","value":{"valor":{"url":"image 47.png","status":true}}},{"label":"Imagem","type":"image","value":{"valor":{"url":"image 48.png","status":true}}},{"label":"Imagem","type":"image","value":{"valor":{"url":"image 49.png","status":true}}},{"label":"Imagem","type":"image","value":{"valor":{"url":"image 50.png","status":true}}},{"label":"Imagem","type":"image","value":{"valor":{"url":"image 51.png","status":true}}},{"label":"Imagem","type":"image","value":{"valor":{"url":"image 52.png","status":true}}},{"label":"Imagem","type":"image","value":{"valor":{"url":"image 53.png","status":true}}},{"label":"Imagem","type":"image","value":{"valor":{"url":"image 54.png","status":true}}},{"label":"Imagem","type":"image","value":{"valor":{"url":"image 55.png","status":true}}},{"label":"Imagem","type":"image","value":{"valor":{"url":"image 56.png","status":true}}},{"label":"Imagem","type":"image","value":{"valor":{"url":"image 57.png","status":true}}},{"label":"Imagem","type":"image","value":{"valor":{"url":"image 58.png","status":true}}},{"label":"Imagem","type":"image","value":{"valor":{"url":"image 59.png","status":true}}},{"label":"Imagem","type":"image","value":{"valor":{"url":"image 60.png","status":true}}},{"label":"Imagem","type":"image","value":{"valor":{"url":"image 61.png","status":true}}},{"label":"Imagem","type":"image","value":{"valor":{"url":"image 62.png","status":true}}},{"label":"Imagem","type":"image","value":{"valor":{"url":"image 68.png","status":true}}}]', 1),
	(2677, 1, 472, 1048, 'Clínica PETVIDA', 1),
	(2678, 1, 471, 1048, 'Dentista', 1),
	(2679, 1, 473, 1048, 'Odontopediatra', 1),
	(2680, 1, 60, 1049, '', 1),
	(2681, 1, 60, 1050, 'Sobre a Asthamed', 1),
	(2682, 1, 60, 1051, 'Desde 2006, a Asthamed tem se destacado como uma referência no mercado de saúde. Com foco em atender dentistas, esteticistas e clínicas veterinárias e hospitais construímos um legado de confiança, qualidade e inovação. Nossa trajetória é marcada por parcerias sólidas com marcas líderes e por um compromisso inabalável em oferecer o melhor para nossos clientes.', 1),
	(2683, 1, 60, 1052, '[{"label":"Imagem","type":"image","value":{"valor":{"url":"3.png","status":true}}},{"label":"Imagem","type":"image","value":{"valor":{"url":"2.png","status":true}}},{"label":"Imagem","type":"image","value":{"valor":{"url":"1.png","status":true}}}]', 1),
	(2684, 1, 60, 1053, '', 1),
	(2685, 1, 60, 1054, 'Siga nosso Instagram!', 1),
	(2686, 1, 60, 1055, '[{"label":"Imagem","type":"image","value":{"valor":{"url":"image 38.png","status":true,"link":"https:\\/\\/www.instagram.com\\/asthamedhospitalar","blank":true}}},{"label":"Imagem","type":"image","value":{"valor":{"url":"image.png","status":true,"link":"https:\\/\\/www.instagram.com\\/asthamedhospitalar","blank":true}}},{"label":"Imagem","type":"image","value":{"valor":{"url":"image-1.png","status":true,"link":"https:\\/\\/www.instagram.com\\/asthamedhospitalar","blank":true}}}]', 1),
	(2687, 1, 494, 1056, '{"url":"post-1.jpg","status":true}', 1),
	(2688, 1, 494, 1057, 'Em um mercado competitivo como o odontológico, garantir que seus pacientes tenham a melhor experiência possível e os resultados mais seguros é fundamental.', 1),
	(2689, 1, 494, 1058, '', 1),
	(2690, 1, 495, 1056, '{"url":"post-2.jpg","status":true}', 1),
	(2691, 1, 495, 1057, 'O mercado de estética tem crescido exponencialmente nos últimos anos, e com ele, a demanda por produtos que entreguem resultados de alta performance.', 1),
	(2692, 1, 495, 1058, '', 1),
	(2693, 1, 496, 1056, '{"url":"post-3.jpg","status":true}', 1),
	(2694, 1, 496, 1057, 'Em um mercado competitivo como o odontológico, garantir que seus pacientes tenham a melhor experiência possível e os resultados mais seguros é fundamental.', 1),
	(2695, 1, 496, 1058, '<h1>h1</h1>\n\n<h2>h2</h2>\n\n<h3>h3</h3>\n\n<h4>h4</h4>\n\n<h5>h5</h5>\n\n<h6>h6</h6>\n\n<p><strong>Lorem Ipsum</strong>&nbsp;is simply dummy text of the printing and typesetting industry. Lorem Ipsum has been the industry&#39;s standard dummy text ever since the 1500s, when an unknown printer took a galley of type and scrambled it to make a type specimen book. It has survived not only five centuries, but also the leap into electronic typesetting, remaining essentially unchanged. It was popularised in the 1960s with the release of Letraset sheets containing Lorem Ipsum passages, and more recently with desktop publishing software like Aldus PageMaker including versions of Lorem Ipsum.</p>\n\n<p><strong>Lorem Ipsum</strong>&nbsp;is simply dummy text of the printing and typesetting industry. Lorem Ipsum has been the industry&#39;s standard dummy text ever since the 1500s, when an unknown printer took a galley of type and scrambled it to make a type specimen book. It has survived not only five centuries, but also the leap into electronic typesetting, remaining essentially unchanged. It was popularised in the 1960s with the release of Letraset sheets containing Lorem Ipsum passages, and more recently with desktop publishing software like Aldus PageMaker including versions of Lorem Ipsum.</p>\n\n<p><strong>Lorem Ipsum</strong>&nbsp;is simply dummy text of the printing and typesetting industry. Lorem Ipsum has been the industry&#39;s standard dummy text ever since the 1500s, when an unknown printer took a galley of type and scrambled it to make a type specimen book. It has survived not only five centuries, but also the leap into electronic typesetting, remaining essentially unchanged. It was popularised in the 1960s with the release of Letraset sheets containing Lorem Ipsum passages, and more recently with desktop publishing software like Aldus PageMaker including versions of Lorem Ipsum.</p>\n', 1),
	(2696, 1, 463, 1059, '{"url":"sobre.png","status":true}', 1),
	(2697, 1, 463, 1060, '[{"label":"Imagem","type":"image","value":{"valor":{"url":"image_1.png","status":true}}},{"label":"Imagem","type":"image","value":{"valor":{"url":"image-1_1.png","status":true}}},{"label":"Imagem","type":"image","value":{"valor":{"url":"image-2.png","status":true}}},{"label":"Imagem","type":"image","value":{"valor":{"url":"image-3.png","status":true}}}]', 1),
	(2698, 1, 498, 1062, '1', 1),
	(2699, 1, 498, 1063, '1', 1),
	(2700, 1, 498, 1061, '{"url":"image 44_1.png","status":true}', 1),
	(2701, 1, 499, 1062, '1', 1),
	(2702, 1, 499, 1063, '2', 1),
	(2703, 1, 499, 1061, '{"url":"image 48_1.png","status":true}', 1),
	(2704, 1, 500, 1062, '1', 1),
	(2705, 1, 500, 1063, '3', 1),
	(2706, 1, 500, 1061, '{"url":"image 23.png","status":true}', 1),
	(2707, 1, 501, 1062, '1', 1),
	(2708, 1, 501, 1063, '4', 1),
	(2709, 1, 501, 1061, '{"url":"image 78.png","status":true}', 1),
	(2710, 1, 502, 1062, '1', 1),
	(2711, 1, 502, 1063, '5', 1),
	(2712, 1, 502, 1061, '{"url":"image 56_1.png","status":true}', 1),
	(2713, 1, 503, 1062, '1', 1),
	(2714, 1, 503, 1063, '6', 1),
	(2715, 1, 503, 1061, '{"url":"image 70.png","status":true}', 1),
	(2716, 1, 504, 1062, '1', 1),
	(2717, 1, 504, 1063, '7', 1),
	(2718, 1, 504, 1061, '{"url":"image 71.png","status":true}', 1),
	(2719, 1, 505, 1062, '1', 1),
	(2720, 1, 505, 1063, '8', 1),
	(2721, 1, 505, 1061, '{"url":"image 72.png","status":true}', 1),
	(2722, 1, 482, 1064, '502', 1),
	(2723, 1, 489, 1064, '501', 1),
	(2724, 1, 488, 1064, '504', 1),
	(2725, 1, 483, 1064, '503', 1),
	(2726, 1, 487, 1064, '499', 1),
	(2727, 1, 484, 1064, '502', 1),
	(2728, 1, 490, 1064, '501', 1),
	(2738, 1, 482, 1067, '[{"label":"Imagem","type":"image","value":{"valor":{"url":"image 103.png","status":true}}},{"label":"Imagem","type":"image","value":{"valor":{"url":"image 103.png","status":true}}},{"label":"Imagem","type":"image","value":{"valor":{"url":"image 103.png","status":true}}}]', 1),
	(2739, 1, 482, 1068, 'Água destina ao uso da autoclave', 1),
	(2740, 1, 482, 1069, '[[{"label":"Nome da varia\\u00e7\\u00e3o","name":"nome-da-variacao","options":[],"value":{"valor":"Cor"},"type":"text"},{"label":"Op\\u00e7\\u00f5es","name":"opcoes","options":[],"value":{"valor":["Azul","Vermelho","Preto","Branco"]},"type":"tags"}],[{"label":"Nome da varia\\u00e7\\u00e3o","name":"nome-da-variacao","options":[],"value":{"valor":"Volume"},"type":"text"},{"label":"Op\\u00e7\\u00f5es","name":"opcoes","options":[],"value":{"valor":["1L","2L","3L","4L","5L"]},"type":"tags"}]]', 1),
	(2741, 1, 492, 1070, '', 1),
	(2742, 1, 492, 1071, '', 1),
	(2743, 1, 492, 1072, '<h1>Fornecedores</h1>\n\n<p>Temos orgulho de trabalhar com marcas e fornecedores l&iacute;deres no mercado de sa&uacute;de.</p>\n', 1),
	(2744, 1, 492, 1073, '<h2>Conhe&ccedil;a nossas marcas parceiras</h2>\n\n<p>Acreditamos que a qualidade dos produtos que oferecemos &eacute; reflexo das parcerias s&oacute;lidas que mantemos. Cada fornecedor &eacute; cuidadosamente selecionado para garantir que nossos clientes recebam produtos de alto padr&atilde;o e tecnologia avan&ccedil;ada.</p>\n', 1),
	(2745, 1, 470, 1074, '<h1>Depoimentos</h1>\n\n<p>Nosso compromisso com a qualidade, a agilidade e o atendimento especializado reflete-se nas experi&ecirc;ncias de nossos clientes.</p>\n', 1),
	(2746, 1, 470, 1075, '<h2>Confira os depoimentos dos nossos clientes</h2>\n', 1),
	(2747, 1, 119, 1076, '<h1>D&uacute;vidas</h1>\n\n<p>Reunimos respostas para as perguntas mais comuns feitas pelos nossos clientes. Se n&atilde;o encontrar a resposta que precisa, entre em contato com nossa equipe &mdash; estamos prontos para ajudar voc&ecirc;!</p>\n', 1),
	(2748, 1, 493, 1077, '<h1>Blog</h1>\n\n<p>Aqui, voc&ecirc; encontra conte&uacute;dos exclusivos sobre o nicho odontol&oacute;gico, est&eacute;tico e hospitalar, com informa&ccedil;&otilde;es &uacute;teis para profissionais que buscam aprimorar seus conhecimentos</p>\n', 1),
	(2749, 1, 512, 1078, '<h1>Or&ccedil;amento</h1>\n\n<p>Conte com nossa equipe especializada para encontrar as melhores solu&ccedil;&otilde;es para suas necessidades.</p>\n', 1),
	(2750, 1, 512, 1079, '<h2>Solicite um Or&ccedil;amento</h2>\n\n<p>Preencha o formul&aacute;rio e receba uma proposta personalizada de acordo com suas demandas. Estamos prontos para atender voc&ecirc; com agilidade e precis&atilde;o.</p>\n', 1),
	(2751, 1, 465, 1080, '{"url":"hospitalzinho.jpg","status":true}', 1),
	(2752, 1, 465, 1081, '<h2>Estamos Aqui para Ajudar!</h2>\n\n<p>Na Asthamed, estamos sempre prontos para ouvir voc&ecirc;! Seja para esclarecer d&uacute;vidas, solicitar um or&ccedil;amento ou receber mais informa&ccedil;&otilde;es sobre nossos produtos e servi&ccedil;os, nossa equipe est&aacute; &agrave; disposi&ccedil;&atilde;o para oferecer o melhor atendimento.</p>\n', 1),
	(2753, 1, 513, 1082, '<h1>Programa de Fidelidade<br />\nASTHAMEDCARE</h1>\n\n<p>Criamos um programa exclusivo para dentistas, esteticistas e cl&iacute;nicas veterin&aacute;rias com o objetivo de proporcionar benef&iacute;cios &uacute;nicos e condi&ccedil;&otilde;es especiais para nossos parceiros.</p>\n', 1),
	(2754, 1, 513, 1083, '[{"titulo":"CADASTRO SIMPLES","valor":"Fa\\u00e7a seu cadastro no programa e tenha acesso imediato aos benef\\u00edcios exclusivos para parceiros"},{"titulo":"ACUMULE PONTOS","valor":"A cada compra de produtos para sua cl\\u00ednica ou consult\\u00f3rio, voc\\u00ea acumula pontos que podem ser trocados por descontos, brindes e servi\\u00e7os exclusivos."},{"titulo":"BENEF\\u00cdCIOS EXCLUSIVOS","valor":"Oferecemos acesso a condi\\u00e7\\u00f5es especiais para nossos parceiros em diversas linhas de produtos, desde medicamentos odontol\\u00f3gicos at\\u00e9 artigos hospitalares e est\\u00e9ticos."}]', 1),
	(2755, 1, 513, 1084, '<h2>Quanto mais voc&ecirc; compra, mais descontos voc&ecirc; recebe.</h2>\n\n<p>Tenha acesso antecipado a novos produtos e tecnologias do mercado de sa&uacute;de, participe de Promo&ccedil;&otilde;es Exclusivas e Receba consultoria especializada da nossa equipe para aprimorar o funcionamento da sua cl&iacute;nica ou consult&oacute;rio.</p>\n\n<p>&nbsp;</p>\n\n<h3>Fa&ccedil;a parte do nosso programa de fidelidade! Preencha o formul&aacute;rio e entraremos em contato com voc&ecirc;!&nbsp;&nbsp;</h3>\n', 1),
	(2756, 1, 514, 1085, '<h1>Carrinho de compras</h1>\n', 1),
	(2757, 1, 513, 1086, 'Cadastre-se e faça parte do ASTHAMEDCARE!', 1),
	(2758, 1, 475, 1065, '', 1),
	(2759, 1, 477, 1065, '', 1),
	(2760, 1, 479, 1065, '', 1),
	(2761, 1, 478, 1065, '', 1),
	(2762, 1, 476, 1065, '', 1),
	(2763, 1, 476, 1087, '', 1),
	(2764, 1, 476, 1088, '', 1),
	(2765, 1, 476, 1089, '', 1),
	(2766, 1, 515, 1090, '[{"label":"Imagem","type":"image","value":{"valor":{"url":"wallpaperflare.com_wallpaper.jpg","status":true}}},{"label":"Imagem","type":"image","value":{"valor":{"url":"wallpaperflare.com_wallpaper.jpg","status":true}}},{"label":"Imagem","type":"image","value":{"valor":{"url":"wallpaperflare.com_wallpaper.jpg","status":true}}}]', 1),
	(2767, 1, 515, 1091, 'Aqui eu escrevo o valor do meu campo texto', 1),
	(2768, 1, 515, 1092, 'asdasdasd\nasd\nasd\nasd', 1),
	(2769, 1, 515, 1093, '<h1>Aqui o meu <strong>t&iacute;tulo</strong></h1>\n\n<p>Aqui meu par&aacute;grafo&nbsp;<strong>Aqui </strong>meu par&aacute;grafo&nbsp;Aqui <strong>meu </strong>par&aacute;grafo&nbsp;Aqui meu <strong>par&aacute;grafo&nbsp;</strong>Aqui meu par&aacute;grafo&nbsp;Aqui meu par&aacute;grafo&nbsp;</p>\n', 1),
	(2770, 1, 516, 1094, '{"url":"wallpaperflare.com_wallpaper.jpg","status":true}', 1),
	(2771, 1, 516, 1095, 'Texto interna 1', 1),
	(2772, 1, 517, 1094, '{"url":"wallpaperflare.com_wallpaper.jpg","status":true}', 1),
	(2773, 1, 517, 1095, 'Texto interna 2', 1),
	(2774, 1, 518, 1094, '{"url":"wallpaperflare.com_wallpaper.jpg","status":true}', 1),
	(2775, 1, 518, 1095, 'Texto interna 2', 1),
	(2776, 1, 519, 1094, '{"url":"wallpaperflare.com_wallpaper.jpg","status":true}', 1),
	(2777, 1, 519, 1095, 'Texto interna 1', 1),
	(2778, 1, 520, 1094, '{"url":"wallpaperflare.com_wallpaper.jpg","status":true}', 1),
	(2779, 1, 520, 1095, 'Texto interna 1', 1),
	(2780, 1, 521, 1094, '{"url":"wallpaperflare.com_wallpaper.jpg","status":true}', 1),
	(2781, 1, 521, 1095, 'Texto interna 2', 1),
	(2782, 1, 522, 1094, '{"url":"wallpaperflare.com_wallpaper.jpg","status":true}', 1),
	(2783, 1, 522, 1095, 'Texto interna 2', 1),
	(2784, 1, 523, 1094, '{"url":"wallpaperflare.com_wallpaper.jpg","status":true}', 1),
	(2785, 1, 523, 1095, 'Texto interna 1', 1),
	(2786, 1, 516, 1096, '1', 1),
	(2787, 1, 520, 1096, '1', 1),
	(2788, 1, 525, 1097, '{"url":"wallpaperflare.com_wallpaper.jpg","status":true}', 1),
	(2789, 1, 526, 1097, '{"url":"hospitalzinho.jpg","status":true}', 1),
	(2790, 1, 527, 1097, '{"url":"post-3.jpg","status":true}', 1),
	(2791, 1, 523, 1096, '', 1),
	(2792, 1, 523, 1098, '526', 1),
	(2793, 1, 517, 1096, '', 1),
	(2794, 1, 517, 1098, '526', 1),
	(2795, 1, 519, 1096, '', 1),
	(2796, 1, 519, 1098, '', 1),
	(2797, 1, 525, 1100, '', 1),
	(2798, 1, 526, 1100, '525', 1),
	(2799, 1, 527, 1100, '525', 1),
	(2800, 1, 528, 1100, '', 1),
	(2801, 1, 528, 1097, '{"url":"image_1.png","status":true}', 1),
	(2802, 1, 529, 1100, '528', 1),
	(2803, 1, 529, 1097, '{"url":"image-1_1.png","status":true}', 1),
	(2804, 1, 530, 1100, '528', 1),
	(2805, 1, 530, 1097, '{"url":"image-1.png","status":true}', 1),
	(2806, 1, 531, 1100, '', 1),
	(2807, 1, 531, 1097, '{"url":"image-2.png","status":true}', 1),
	(2808, 2, 515, 1090, '[{"label":"Imagem","type":"image","value":{"valor":{"url":"wallpaperflare.com_wallpaper.jpg","status":true}}}]', 2),
	(2809, 2, 515, 1091, 'input text', 2),
	(2810, 2, 515, 1092, 'Area text value', 2),
	(2811, 2, 515, 1093, '<h2>Hello world!&nbsp;</h2>\n\n<p>Hello world!&nbsp;Hello world!&nbsp;Hello world!&nbsp;Hello world!&nbsp;Hello world!&nbsp;Hello world!&nbsp;</p>\n', 2),
	(2812, 1, 515, 1101, '{"url":"https:\\/\\/www.youtube.com\\/watch?v=L3Dp4oGkn3k","thumb":{"label":"Thumbnail","value":{"valor":{"url":"","status":true}}}}', 1);

-- Copiando estrutura para tabela treinamento-raddar-2025.app_idiomas
CREATE TABLE IF NOT EXISTS `app_idiomas` (
  `id` int(11) NOT NULL AUTO_INCREMENT,
  `titulo` varchar(250) DEFAULT NULL,
  `sigla` varchar(250) DEFAULT NULL,
  `thumb` varchar(250) DEFAULT NULL,
  `fixo` tinyint(4) DEFAULT NULL,
  PRIMARY KEY (`id`)
) ENGINE=InnoDB AUTO_INCREMENT=4 DEFAULT CHARSET=latin1;

-- Copiando dados para a tabela treinamento-raddar-2025.app_idiomas: ~3 rows (aproximadamente)
INSERT IGNORE INTO `app_idiomas` (`id`, `titulo`, `sigla`, `thumb`, `fixo`) VALUES
	(1, 'Português (Brasil)', 'pt-br', 'admin/img/icons/pt-br.png', 1),
	(2, 'English', 'en', 'admin/img/icons/en.png', 1),
	(3, 'Spanish', 'spain', 'admin/img/icons/spain.png', 1);

-- Copiando estrutura para tabela treinamento-raddar-2025.app_logs
CREATE TABLE IF NOT EXISTS `app_logs` (
  `id` int(11) NOT NULL AUTO_INCREMENT,
  `usuario` varchar(250) DEFAULT NULL,
  `conteudo` varchar(250) DEFAULT NULL,
  `conteudo_id` int(11) DEFAULT NULL,
  `idioma_id` int(11) DEFAULT NULL,
  `tipo` tinytext,
  `created_at` datetime DEFAULT NULL,
  `updated_at` datetime DEFAULT NULL,
  PRIMARY KEY (`id`)
) ENGINE=InnoDB AUTO_INCREMENT=675 DEFAULT CHARSET=utf8;

-- Copiando dados para a tabela treinamento-raddar-2025.app_logs: ~278 rows (aproximadamente)
INSERT IGNORE INTO `app_logs` (`id`, `usuario`, `conteudo`, `conteudo_id`, `idioma_id`, `tipo`, `created_at`, `updated_at`) VALUES
	(397, 'Danilo Fernando', 'Danilo Fernando', 1, 0, 'updateuser', '2024-10-08 18:09:56', '2024-10-08 18:09:56'),
	(398, 'Danilo Fernando', 'Configurações', 0, 0, 'config', '2024-10-09 11:40:17', '2024-10-09 11:40:17'),
	(399, 'Danilo Fernando', 'Página Inicial', 60, 1, 'update', '2024-10-09 11:41:40', '2024-10-09 11:41:40'),
	(400, 'Danilo Fernando', 'Página Inicial', 60, 1, 'update', '2024-10-09 11:42:41', '2024-10-09 11:42:41'),
	(401, 'Danilo Fernando', 'Página Inicial', 60, 1, 'update', '2024-10-09 11:44:14', '2024-10-09 11:44:14'),
	(402, 'Danilo Fernando', 'Configurações', 0, 0, 'config', '2024-10-09 16:18:19', '2024-10-09 16:18:19'),
	(403, 'Danilo Fernando', 'Configurações', 0, 0, 'config', '2024-10-09 16:58:14', '2024-10-09 16:58:14'),
	(404, 'Danilo Fernando', 'Abacaxi', 466, 1, 'update', '2024-10-12 08:23:33', '2024-10-12 08:23:33'),
	(405, 'Danilo Fernando', 'Melancia', 468, 1, 'update', '2024-10-12 08:23:52', '2024-10-12 08:23:52'),
	(406, 'Danilo Fernando', 'Coco Verde', 464, 1, 'update', '2024-10-12 08:24:07', '2024-10-12 08:24:07'),
	(407, 'Danilo Fernando', 'Coco Seco', 467, 1, 'update', '2024-10-12 08:24:22', '2024-10-12 08:24:22'),
	(408, 'Danilo Fernando', 'Coco Seco', 467, 1, 'update', '2024-10-12 08:26:34', '2024-10-12 08:26:34'),
	(409, 'Danilo Fernando', 'Página Inicial', 60, 1, 'update', '2024-10-12 08:53:03', '2024-10-12 08:53:03'),
	(410, 'Danilo Fernando', 'Página Inicial', 60, 1, 'update', '2024-10-12 09:18:05', '2024-10-12 09:18:05'),
	(411, 'Danilo Fernando', 'Configurações', 0, 0, 'config', '2024-10-13 21:52:54', '2024-10-13 21:52:54'),
	(412, 'Danilo Fernando', 'Configurações', 0, 0, 'config', '2024-10-13 21:59:36', '2024-10-13 21:59:36'),
	(413, 'Danilo Fernando', 'Configurações', 0, 0, 'config', '2024-10-13 22:04:11', '2024-10-13 22:04:11'),
	(414, 'Danilo Fernando', 'Configurações', 0, 0, 'config', '2024-10-13 22:10:23', '2024-10-13 22:10:23'),
	(415, 'Danilo Fernando', 'Página Inicial', 60, 1, 'update', '2024-10-13 22:37:03', '2024-10-13 22:37:03'),
	(416, 'Danilo Fernando', 'Página Inicial', 60, 1, 'update', '2024-10-13 23:36:43', '2024-10-13 23:36:43'),
	(417, 'Danilo Fernando', 'Página Inicial', 60, 1, 'update', '2024-10-13 23:37:02', '2024-10-13 23:37:02'),
	(418, 'Danilo Fernando', 'Sobre nós', 463, 1, 'update', '2024-10-14 01:06:29', '2024-10-14 01:06:29'),
	(419, 'Danilo Fernando', 'Sobre nós', 463, 1, 'update', '2024-10-14 01:06:49', '2024-10-14 01:06:49'),
	(420, 'Danilo Fernando', 'Sobre nós', 463, 1, 'update', '2024-10-14 01:17:18', '2024-10-14 01:17:18'),
	(421, 'Danilo Fernando', 'Sobre nós', 463, 1, 'update', '2024-10-14 01:27:22', '2024-10-14 01:27:22'),
	(422, 'Danilo Fernando', 'JR Frutas', 463, 1, 'update', '2024-10-14 01:28:42', '2024-10-14 01:28:42'),
	(423, 'Danilo Fernando', 'Produtos', 413, 1, 'update', '2024-10-14 01:29:36', '2024-10-14 01:29:36'),
	(424, 'Danilo Fernando', 'Configurações', 0, 0, 'config', '2024-10-14 02:38:59', '2024-10-14 02:38:59'),
	(425, 'Danilo Fernando', 'Contato', 465, 1, 'update', '2024-10-14 02:44:16', '2024-10-14 02:44:16'),
	(426, 'Danilo Fernando', 'Página Inicial', 60, 1, 'update', '2024-10-14 07:38:10', '2024-10-14 07:38:10'),
	(427, 'Danilo Fernando', 'Página Inicial', 60, 1, 'update', '2024-10-14 08:34:00', '2024-10-14 08:34:00'),
	(428, 'Danilo Fernando', 'Configurações', 0, 0, 'config', '2024-10-14 08:45:25', '2024-10-14 08:45:25'),
	(429, 'Danilo Fernando', 'Configurações', 0, 0, 'config', '2024-10-14 08:47:39', '2024-10-14 08:47:39'),
	(430, 'Danilo Fernando', 'Página Inicial', 60, 1, 'update', '2024-10-14 08:52:16', '2024-10-14 08:52:16'),
	(431, 'Danilo Fernando', 'Página Inicial', 60, 1, 'update', '2024-10-14 08:52:41', '2024-10-14 08:52:41'),
	(432, 'Danilo Fernando', 'Página Inicial', 60, 1, 'update', '2024-10-14 08:54:15', '2024-10-14 08:54:15'),
	(433, 'Danilo Fernando', 'Página Inicial', 60, 1, 'update', '2024-10-14 08:54:27', '2024-10-14 08:54:27'),
	(434, 'Danilo Fernando', 'Página Inicial', 60, 1, 'update', '2024-10-14 08:55:36', '2024-10-14 08:55:36'),
	(435, 'Danilo Fernando', 'Página Inicial', 60, 1, 'update', '2024-10-14 08:57:22', '2024-10-14 08:57:22'),
	(436, 'Danilo Fernando', 'Página Inicial', 60, 1, 'update', '2024-10-14 08:58:32', '2024-10-14 08:58:32'),
	(437, 'Danilo Fernando', 'Página Inicial', 60, 1, 'update', '2024-10-14 09:01:39', '2024-10-14 09:01:39'),
	(438, 'Danilo Fernando', 'Página Inicial', 60, 1, 'update', '2024-10-14 09:03:14', '2024-10-14 09:03:14'),
	(439, 'Danilo Fernando', 'Página Inicial', 60, 1, 'update', '2024-10-14 09:03:44', '2024-10-14 09:03:44'),
	(440, 'Danilo Fernando', 'Página Inicial', 60, 1, 'update', '2024-10-14 09:04:34', '2024-10-14 09:04:34'),
	(441, 'Danilo Fernando', 'Página Inicial', 60, 1, 'update', '2024-10-14 09:05:41', '2024-10-14 09:05:41'),
	(442, 'Danilo Fernando', 'Página Inicial', 60, 1, 'update', '2024-10-14 09:06:03', '2024-10-14 09:06:03'),
	(443, 'Danilo Fernando', 'Página Inicial', 60, 1, 'update', '2024-10-14 09:06:36', '2024-10-14 09:06:36'),
	(444, 'Danilo Fernando', 'Página Inicial', 60, 1, 'update', '2024-10-14 09:10:14', '2024-10-14 09:10:14'),
	(445, 'Danilo Fernando', 'Configurações', 0, 0, 'config', '2024-10-14 09:21:06', '2024-10-14 09:21:06'),
	(446, 'Danilo Fernando', 'Configurações', 0, 0, 'config', '2024-10-14 09:24:27', '2024-10-14 09:24:27'),
	(447, 'Danilo Fernando', 'Configurações', 0, 0, 'config', '2024-10-14 09:25:42', '2024-10-14 09:25:42'),
	(448, 'Danilo Fernando', 'Política de Privacidade', 51, 1, 'update', '2024-10-14 09:45:02', '2024-10-14 09:45:02'),
	(449, 'Danilo Fernando', 'Termos de Uso', 52, 1, 'update', '2024-10-14 09:45:16', '2024-10-14 09:45:16'),
	(450, 'Danilo Fernando', 'Supermercado ABC', 471, 1, 'update', '2024-10-14 09:49:49', '2024-10-14 09:49:49'),
	(451, 'Danilo Fernando', 'Supermercado ABC', 471, 1, 'update', '2024-10-14 09:49:57', '2024-10-14 09:49:57'),
	(452, 'Danilo Fernando', 'Distribuidor Frutas BR', 472, 1, 'insert', '2024-10-14 09:50:10', '2024-10-14 09:50:10'),
	(453, 'Danilo Fernando', 'Supermercado XYZ', 473, 1, 'insert', '2024-10-14 09:50:18', '2024-10-14 09:50:18'),
	(454, 'Danilo Fernando', 'Página Inicial', 60, 1, 'update', '2024-10-14 09:57:34', '2024-10-14 09:57:34'),
	(455, 'Danilo Fernando', 'Página Inicial', 60, 1, 'update', '2024-10-14 09:57:57', '2024-10-14 09:57:57'),
	(456, 'Danilo Fernando', 'Abacaxi', 466, 1, 'update', '2024-10-14 10:16:36', '2024-10-14 10:16:36'),
	(457, 'Danilo Fernando', 'Coco Seco', 467, 1, 'update', '2024-10-14 10:16:40', '2024-10-14 10:16:40'),
	(458, 'Danilo Fernando', 'Coco Verde', 464, 1, 'update', '2024-10-14 10:16:43', '2024-10-14 10:16:43'),
	(459, 'Danilo Fernando', 'Melancia', 468, 1, 'update', '2024-10-14 10:16:46', '2024-10-14 10:16:46'),
	(460, 'Danilo Fernando', 'Melancia', 468, 1, 'update', '2024-10-14 10:17:14', '2024-10-14 10:17:14'),
	(461, 'Danilo Fernando', 'Coco Verde', 464, 1, 'update', '2024-10-14 10:17:18', '2024-10-14 10:17:18'),
	(462, 'Danilo Fernando', 'Coco Seco', 467, 1, 'update', '2024-10-14 10:17:22', '2024-10-14 10:17:22'),
	(463, 'Danilo Fernando', 'Abacaxi', 466, 1, 'update', '2024-10-14 10:17:26', '2024-10-14 10:17:26'),
	(464, 'Danilo Fernando', 'Configurações', 0, 0, 'config', '2024-10-14 10:22:04', '2024-10-14 10:22:04'),
	(465, 'Danilo Fernando', 'Configurações', 0, 0, 'config', '2024-10-14 10:29:40', '2024-10-14 10:29:40'),
	(466, 'Danilo Fernando', 'Configurações', 0, 0, 'config', '2025-01-02 10:59:41', '2025-01-02 10:59:41'),
	(467, 'Danilo Fernando', 'Configurações', 0, 0, 'config', '2025-01-02 11:00:50', '2025-01-02 11:00:50'),
	(468, 'Danilo Fernando', 'Produtos Categorias', 474, 1, 'insert', '2025-01-02 18:49:58', '2025-01-02 18:49:58'),
	(469, 'Danilo Fernando', 'Produtos Categorias', 474, 1, 'update', '2025-01-02 18:54:34', '2025-01-02 18:54:34'),
	(470, 'Danilo Fernando', 'Linha Odontológica', 475, 1, 'insert', '2025-01-02 18:57:47', '2025-01-02 18:57:47'),
	(471, 'Danilo Fernando', 'Linha Estética', 476, 1, 'insert', '2025-01-02 18:58:19', '2025-01-02 18:58:19'),
	(472, 'Danilo Fernando', 'Linha Veterinária', 477, 1, 'insert', '2025-01-02 18:58:40', '2025-01-02 18:58:40'),
	(473, 'Danilo Fernando', 'Medicamentos Injetáveis', 478, 1, 'insert', '2025-01-02 18:58:55', '2025-01-02 18:58:55'),
	(474, 'Danilo Fernando', 'Materiais Hospitalares', 479, 1, 'insert', '2025-01-02 18:59:20', '2025-01-02 18:59:20'),
	(475, 'Danilo Fernando', 'Configurações', 0, 0, 'config', '2025-01-02 18:59:58', '2025-01-02 18:59:58'),
	(476, 'Danilo Fernando', 'Produtos Categorias', 474, 1, 'update', '2025-01-02 19:00:45', '2025-01-02 19:00:45'),
	(477, 'Danilo Fernando', 'Medicamentos Injetáveis', 478, 1, 'update', '2025-01-02 19:01:09', '2025-01-02 19:01:09'),
	(478, 'Danilo Fernando', 'Materiais Hospitalares', 479, 1, 'update', '2025-01-02 19:01:10', '2025-01-02 19:01:10'),
	(479, 'Danilo Fernando', 'Linha Odontológica', 475, 1, 'update', '2025-01-02 19:01:12', '2025-01-02 19:01:12'),
	(480, 'Danilo Fernando', 'Linha Estética', 476, 1, 'update', '2025-01-02 19:01:13', '2025-01-02 19:01:13'),
	(481, 'Danilo Fernando', 'Linha Veterinária', 477, 1, 'update', '2025-01-02 19:01:25', '2025-01-02 19:01:25'),
	(482, 'Danilo Fernando', 'Página Inicial', 60, 1, 'update', '2025-01-02 19:29:37', '2025-01-02 19:29:37'),
	(483, 'Danilo Fernando', 'Página Inicial', 60, 1, 'update', '2025-01-02 19:29:47', '2025-01-02 19:29:47'),
	(484, 'Danilo Fernando', 'Produtos Categorias', 474, 1, 'update', '2025-01-02 19:46:37', '2025-01-02 19:46:37'),
	(485, 'Danilo Fernando', 'Produtos', 413, 1, 'update', '2025-01-02 21:38:06', '2025-01-02 21:38:06'),
	(486, 'Danilo Fernando', 'Abacaxi', 466, 1, 'delete', '2025-01-02 21:38:17', '2025-01-02 21:38:17'),
	(487, 'Danilo Fernando', 'Coco Seco', 467, 1, 'delete', '2025-01-02 21:38:17', '2025-01-02 21:38:17'),
	(488, 'Danilo Fernando', 'Coco Verde', 464, 1, 'delete', '2025-01-02 21:38:17', '2025-01-02 21:38:17'),
	(489, 'Danilo Fernando', 'Melancia', 468, 1, 'delete', '2025-01-02 21:38:17', '2025-01-02 21:38:17'),
	(490, 'Danilo Fernando', 'MASCARA TRIPLA ELASTICO C/50', 480, 1, 'insert', '2025-01-02 21:39:16', '2025-01-02 21:39:16'),
	(491, 'Danilo Fernando', 'TOUCA SANFONADA DESC. C/100', 481, 1, 'insert', '2025-01-02 21:39:33', '2025-01-02 21:39:33'),
	(492, 'Danilo Fernando', 'AGUA P/ AUTOCLAVE 5L', 482, 1, 'insert', '2025-01-02 21:40:10', '2025-01-02 21:40:10'),
	(493, 'Danilo Fernando', 'GEL P/ ULTRASSOM 5KG', 483, 1, 'insert', '2025-01-02 21:40:22', '2025-01-02 21:40:22'),
	(494, 'Danilo Fernando', 'Linha Estética', 476, 1, 'update', '2025-01-02 21:41:52', '2025-01-02 21:41:52'),
	(495, 'Danilo Fernando', 'Linha Odontológica', 475, 1, 'update', '2025-01-02 21:41:55', '2025-01-02 21:41:55'),
	(496, 'Danilo Fernando', 'Linha Veterinária', 477, 1, 'update', '2025-01-02 21:41:57', '2025-01-02 21:41:57'),
	(497, 'Danilo Fernando', 'Materiais Hospitalares', 479, 1, 'update', '2025-01-02 21:42:00', '2025-01-02 21:42:00'),
	(498, 'Danilo Fernando', 'Medicamentos Injetáveis', 478, 1, 'update', '2025-01-02 21:42:10', '2025-01-02 21:42:10'),
	(499, 'Danilo Fernando', 'Configurações', 0, 0, 'config', '2025-01-02 21:57:51', '2025-01-02 21:57:51'),
	(500, 'Danilo Fernando', 'Configurações', 0, 0, 'config', '2025-01-02 21:59:53', '2025-01-02 21:59:53'),
	(501, 'Danilo Fernando', 'Página Inicial', 60, 1, 'update', '2025-01-03 08:05:39', '2025-01-03 08:05:39'),
	(502, 'Danilo Fernando', 'Página Inicial', 60, 1, 'update', '2025-01-03 08:09:15', '2025-01-03 08:09:15'),
	(503, 'Danilo Fernando', 'Página Inicial', 60, 1, 'update', '2025-01-03 08:18:37', '2025-01-03 08:18:37'),
	(504, 'Danilo Fernando', 'Página Inicial', 60, 1, 'update', '2025-01-03 08:39:45', '2025-01-03 08:39:45'),
	(505, 'Danilo Fernando', 'Kit Clareadores Opalescence Boost PF 40%', 484, 1, 'insert', '2025-01-03 08:54:00', '2025-01-03 08:54:00'),
	(506, 'Danilo Fernando', 'Kit Resina Forma Ultradent', 485, 1, 'insert', '2025-01-03 08:54:10', '2025-01-03 08:54:10'),
	(507, 'Danilo Fernando', 'Ativador Universal 60ml KULZER', 486, 1, 'insert', '2025-01-03 08:54:20', '2025-01-03 08:54:20'),
	(508, 'Danilo Fernando', 'Kit Clareador Whiteness Perfect 10%', 487, 1, 'insert', '2025-01-03 08:54:31', '2025-01-03 08:54:31'),
	(509, 'Danilo Fernando', 'Página Inicial', 60, 1, 'update', '2025-01-03 09:53:10', '2025-01-03 09:53:10'),
	(510, 'Danilo Fernando', 'Página Inicial', 60, 1, 'update', '2025-01-03 09:55:18', '2025-01-03 09:55:18'),
	(511, 'Danilo Fernando', 'COMPRESSA DE GAZE NAO ADERENTE C/10', 488, 1, 'insert', '2025-01-03 10:23:41', '2025-01-03 10:23:41'),
	(512, 'Danilo Fernando', 'Álcool Swabs Uniqmed', 489, 1, 'insert', '2025-01-03 10:23:54', '2025-01-03 10:23:54'),
	(513, 'Danilo Fernando', 'Microcânulas (vários tamanhos)', 490, 1, 'insert', '2025-01-03 10:24:04', '2025-01-03 10:24:04'),
	(514, 'Danilo Fernando', 'CURATIVO CIRURGICO 10X15CM C/1', 491, 1, 'insert', '2025-01-03 10:24:15', '2025-01-03 10:24:15'),
	(515, 'Danilo Fernando', 'Página Inicial', 60, 1, 'update', '2025-01-03 10:59:21', '2025-01-03 10:59:21'),
	(516, 'Danilo Fernando', 'Fornecedores', 492, 1, 'insert', '2025-01-03 13:45:57', '2025-01-03 13:45:57'),
	(517, 'Danilo Fernando', 'Fornecedores', 492, 1, 'update', '2025-01-03 13:52:36', '2025-01-03 13:52:36'),
	(518, 'Danilo Fernando', 'Depoimentos', 470, 1, 'update', '2025-01-03 14:06:33', '2025-01-03 14:06:33'),
	(519, 'Danilo Fernando', 'Ana Beatriz Silva', 472, 1, 'update', '2025-01-03 14:07:58', '2025-01-03 14:07:58'),
	(520, 'Danilo Fernando', 'Dr. Roberto Almeida', 471, 1, 'update', '2025-01-03 14:08:14', '2025-01-03 14:08:14'),
	(521, 'Danilo Fernando', 'Dr. Marcelo', 473, 1, 'update', '2025-01-03 14:08:24', '2025-01-03 14:08:24'),
	(522, 'Danilo Fernando', 'Dr. Roberto Almeida', 471, 1, 'update', '2025-01-03 14:08:26', '2025-01-03 14:08:26'),
	(523, 'Danilo Fernando', 'Ana Beatriz Silva', 472, 1, 'update', '2025-01-03 14:28:05', '2025-01-03 14:28:05'),
	(524, 'Danilo Fernando', 'Ana Beatriz Silva', 472, 1, 'update', '2025-01-03 14:28:23', '2025-01-03 14:28:23'),
	(525, 'Danilo Fernando', 'Dr. Marcelo', 473, 1, 'update', '2025-01-03 14:29:06', '2025-01-03 14:29:06'),
	(526, 'Danilo Fernando', 'Dr. Roberto Almeida', 471, 1, 'update', '2025-01-03 14:29:13', '2025-01-03 14:29:13'),
	(527, 'Danilo Fernando', 'Página Inicial', 60, 1, 'update', '2025-01-03 15:03:42', '2025-01-03 15:03:42'),
	(528, 'Danilo Fernando', 'Página Inicial', 60, 1, 'update', '2025-01-03 17:16:41', '2025-01-03 17:16:41'),
	(529, 'Danilo Fernando', 'Página Inicial', 60, 1, 'update', '2025-01-03 17:17:42', '2025-01-03 17:17:42'),
	(530, 'Danilo Fernando', 'Blog', 493, 1, 'insert', '2025-01-03 18:17:02', '2025-01-03 18:17:02'),
	(531, 'Danilo Fernando', 'Blog', 493, 1, 'update', '2025-01-03 18:19:22', '2025-01-03 18:19:22'),
	(532, 'Danilo Fernando', 'Os Benefícios de Usar Produtos Odontológicos de Alta Qualidade em Sua Clínica', 494, 1, 'insert', '2025-01-03 18:19:28', '2025-01-03 18:19:28'),
	(533, 'Danilo Fernando', 'Como Escolher os Melhores Produtos para Clínicas Estéticas', 495, 1, 'insert', '2025-01-03 18:19:47', '2025-01-03 18:19:47'),
	(534, 'Danilo Fernando', 'A Importância da Logística e da Disponibilidade de Estoque na Saúde', 496, 1, 'insert', '2025-01-03 18:20:00', '2025-01-03 18:20:00'),
	(535, 'Danilo Fernando', 'JR Frutas', 463, 1, 'update', '2025-01-04 12:44:56', '2025-01-04 12:44:56'),
	(536, 'Danilo Fernando', 'JR Frutas', 463, 1, 'update', '2025-01-04 12:45:13', '2025-01-04 12:45:13'),
	(537, 'Danilo Fernando', 'JR Frutas', 463, 1, 'update', '2025-01-04 12:47:36', '2025-01-04 12:47:36'),
	(538, 'Danilo Fernando', 'Marcas', 497, 1, 'insert', '2025-01-04 14:00:43', '2025-01-04 14:00:43'),
	(539, 'Danilo Fernando', 'Marcas', 497, 1, 'update', '2025-01-04 14:02:31', '2025-01-04 14:02:31'),
	(540, 'Danilo Fernando', 'Marcas', 497, 1, 'update', '2025-01-04 14:08:08', '2025-01-04 14:08:08'),
	(541, 'Danilo Fernando', '3M', 498, 1, 'insert', '2025-01-04 14:08:43', '2025-01-04 14:08:43'),
	(542, 'Danilo Fernando', 'FGM', 499, 1, 'insert', '2025-01-04 14:08:59', '2025-01-04 14:08:59'),
	(543, 'Danilo Fernando', 'DFL', 500, 1, 'insert', '2025-01-04 14:09:20', '2025-01-04 14:09:20'),
	(544, 'Danilo Fernando', 'Uniqmed', 501, 1, 'insert', '2025-01-04 14:09:34', '2025-01-04 14:09:34'),
	(545, 'Danilo Fernando', 'Maquira', 502, 1, 'insert', '2025-01-04 14:09:49', '2025-01-04 14:09:49'),
	(546, 'Danilo Fernando', 'Cremer', 503, 1, 'insert', '2025-01-04 14:10:07', '2025-01-04 14:10:07'),
	(547, 'Danilo Fernando', 'Melhormed', 504, 1, 'insert', '2025-01-04 14:10:33', '2025-01-04 14:10:33'),
	(548, 'Danilo Fernando', 'América', 505, 1, 'insert', '2025-01-04 14:10:49', '2025-01-04 14:10:49'),
	(549, 'Danilo Fernando', 'Produtos', 413, 1, 'update', '2025-01-04 14:11:30', '2025-01-04 14:11:30'),
	(550, 'Danilo Fernando', 'AGUA P/ AUTOCLAVE 5L', 482, 1, 'update', '2025-01-04 14:26:57', '2025-01-04 14:26:57'),
	(551, 'Danilo Fernando', 'Álcool Swabs Uniqmed', 489, 1, 'update', '2025-01-04 14:27:10', '2025-01-04 14:27:10'),
	(552, 'Danilo Fernando', 'COMPRESSA DE GAZE NAO ADERENTE C/10', 488, 1, 'update', '2025-01-04 14:27:27', '2025-01-04 14:27:27'),
	(553, 'Danilo Fernando', 'GEL P/ ULTRASSOM 5KG', 483, 1, 'update', '2025-01-04 14:27:48', '2025-01-04 14:27:48'),
	(554, 'Danilo Fernando', 'Kit Clareador Whiteness Perfect 10%', 487, 1, 'update', '2025-01-04 14:27:56', '2025-01-04 14:27:56'),
	(555, 'Danilo Fernando', 'Kit Clareadores Opalescence Boost PF 40%', 484, 1, 'update', '2025-01-04 14:28:05', '2025-01-04 14:28:05'),
	(556, 'Danilo Fernando', 'Microcânulas (vários tamanhos)', 490, 1, 'update', '2025-01-04 14:28:20', '2025-01-04 14:28:20'),
	(557, 'Danilo Fernando', 'Produtos Categorias', 474, 1, 'update', '2025-01-04 16:17:03', '2025-01-04 16:17:03'),
	(558, 'Danilo Fernando', 'Produtos Categorias', 474, 1, 'update', '2025-01-04 16:17:57', '2025-01-04 16:17:57'),
	(559, 'Danilo Fernando', 'Exemplo filho 1', 506, 1, 'insert', '2025-01-04 17:29:25', '2025-01-04 17:29:25'),
	(560, 'Danilo Fernando', 'Exemplo filho 2', 507, 1, 'insert', '2025-01-04 17:29:40', '2025-01-04 17:29:40'),
	(561, 'Danilo Fernando', 'Produtos', 413, 1, 'update', '2025-01-04 18:31:53', '2025-01-04 18:31:53'),
	(562, 'Danilo Fernando', 'AGUA P/ AUTOCLAVE 5L', 482, 1, 'update', '2025-01-04 19:04:51', '2025-01-04 19:04:51'),
	(563, 'Danilo Fernando', 'Produtos', 413, 1, 'update', '2025-01-04 19:05:25', '2025-01-04 19:05:25'),
	(564, 'Danilo Fernando', 'AGUA P/ AUTOCLAVE 5L', 482, 1, 'update', '2025-01-04 19:05:50', '2025-01-04 19:05:50'),
	(565, 'Danilo Fernando', 'AGUA P/ AUTOCLAVE 5L', 482, 1, 'update', '2025-01-04 19:06:16', '2025-01-04 19:06:16'),
	(566, 'Danilo Fernando', 'Produtos', 413, 1, 'update', '2025-01-04 19:06:31', '2025-01-04 19:06:31'),
	(567, 'Danilo Fernando', 'Produtos', 413, 1, 'update', '2025-01-04 19:43:00', '2025-01-04 19:43:00'),
	(568, 'Danilo Fernando', 'AGUA P/ AUTOCLAVE 5L', 482, 1, 'update', '2025-01-04 19:43:54', '2025-01-04 19:43:54'),
	(569, 'Danilo Fernando', 'Produtos', 413, 1, 'update', '2025-01-04 19:45:16', '2025-01-04 19:45:16'),
	(570, 'Danilo Fernando', 'AGUA P/ AUTOCLAVE 5L', 482, 1, 'update', '2025-01-04 19:45:58', '2025-01-04 19:45:58'),
	(571, 'Danilo Fernando', 'AGUA P/ AUTOCLAVE 5L', 482, 1, 'update', '2025-01-04 20:45:19', '2025-01-04 20:45:19'),
	(572, 'Danilo Fernando', 'Produtos', 413, 1, 'update', '2025-01-04 20:58:39', '2025-01-04 20:58:39'),
	(573, 'Danilo Fernando', 'AGUA P/ AUTOCLAVE 5L', 482, 1, 'update', '2025-01-04 20:59:17', '2025-01-04 20:59:17'),
	(574, 'Danilo Fernando', 'AGUA P/ AUTOCLAVE 5L', 482, 1, 'update', '2025-01-04 21:18:14', '2025-01-04 21:18:14'),
	(575, 'Danilo Fernando', 'AGUA P/ AUTOCLAVE 5L', 482, 1, 'update', '2025-01-05 10:47:25', '2025-01-05 10:47:25'),
	(576, 'Danilo Fernando', 'Fornecedores', 492, 1, 'update', '2025-01-05 11:59:27', '2025-01-05 11:59:27'),
	(577, 'Danilo Fernando', 'Fornecedores', 492, 1, 'update', '2025-01-05 12:00:06', '2025-01-05 12:00:06'),
	(578, 'Danilo Fernando', 'Fornecedores', 492, 1, 'update', '2025-01-05 12:33:17', '2025-01-05 12:33:17'),
	(579, 'Danilo Fernando', 'Depoimentos', 470, 1, 'update', '2025-01-05 13:58:10', '2025-01-05 13:58:10'),
	(580, 'Danilo Fernando', 'Depoimentos', 470, 1, 'update', '2025-01-05 15:40:58', '2025-01-05 15:40:58'),
	(581, 'Danilo Fernando', 'Dúvidas', 119, 1, 'update', '2025-01-05 16:23:22', '2025-01-05 16:23:22'),
	(582, 'Danilo Fernando', 'Blog Categorias', 508, 1, 'insert', '2025-01-05 17:44:17', '2025-01-05 17:44:17'),
	(583, 'Danilo Fernando', 'Clínicas Estéticas', 509, 1, 'insert', '2025-01-05 17:44:28', '2025-01-05 17:44:28'),
	(584, 'Danilo Fernando', 'Linha Odontológica', 510, 1, 'insert', '2025-01-05 17:44:33', '2025-01-05 17:44:33'),
	(585, 'Danilo Fernando', 'Logística', 511, 1, 'insert', '2025-01-05 17:44:38', '2025-01-05 17:44:38'),
	(586, 'Danilo Fernando', 'Blog', 493, 1, 'update', '2025-01-05 18:36:13', '2025-01-05 18:36:13'),
	(587, 'Danilo Fernando', 'A Importância da Logística e da Disponibilidade de Estoque na Saúde', 496, 1, 'update', '2025-01-05 19:30:08', '2025-01-05 19:30:08'),
	(588, 'Danilo Fernando', 'Orçamento', 512, 1, 'insert', '2025-01-05 20:23:55', '2025-01-05 20:23:55'),
	(589, 'Danilo Fernando', 'Fale Conosco', 465, 1, 'update', '2025-01-05 21:40:57', '2025-01-05 21:40:57'),
	(590, 'Danilo Fernando', 'Configurações', 0, 0, 'config', '2025-01-05 21:55:43', '2025-01-05 21:55:43'),
	(591, 'Danilo Fernando', 'ASTHAMEDCARE', 513, 1, 'insert', '2025-01-05 22:53:00', '2025-01-05 22:53:00'),
	(592, 'Danilo Fernando', 'ASTHAMEDCARE', 513, 1, 'update', '2025-01-05 23:08:42', '2025-01-05 23:08:42'),
	(593, 'Danilo Fernando', 'ASTHAMEDCARE', 513, 1, 'update', '2025-01-06 00:25:58', '2025-01-06 00:25:58'),
	(594, 'Danilo Fernando', 'Programa', 513, 1, 'update', '2025-01-06 00:48:36', '2025-01-06 00:48:36'),
	(595, 'Danilo Fernando', 'Carrinho', 514, 1, 'insert', '2025-01-06 01:07:11', '2025-01-06 01:07:11'),
	(596, 'Danilo Fernando', 'Configurações', 0, 0, 'config', '2025-01-06 08:36:38', '2025-01-06 08:36:38'),
	(597, 'Danilo Fernando', 'Sobre', 463, 1, 'update', '2025-01-06 08:37:02', '2025-01-06 08:37:02'),
	(598, 'Danilo Fernando', 'Página Inicial', 60, 1, 'update', '2025-01-06 08:39:41', '2025-01-06 08:39:41'),
	(599, 'Danilo Fernando', 'Configurações', 0, 0, 'config', '2025-01-06 08:50:32', '2025-01-06 08:50:32'),
	(600, 'Danilo Fernando', 'Termos de Uso', 52, 1, 'update', '2025-01-06 08:51:21', '2025-01-06 08:51:21'),
	(601, 'Danilo Fernando', 'Política de Privacidade', 51, 1, 'update', '2025-01-06 08:52:25', '2025-01-06 08:52:25'),
	(602, 'Danilo Fernando', 'Mensagens', 1, 0, 'message', '2025-01-06 08:52:42', '2025-01-06 08:52:42'),
	(603, 'Danilo Fernando', 'Configurações', 0, 0, 'config', '2025-01-06 08:53:38', '2025-01-06 08:53:38'),
	(604, 'Danilo Fernando', 'Configurações', 0, 0, 'config', '2025-01-06 09:01:10', '2025-01-06 09:01:10'),
	(605, 'Danilo Fernando', 'Configurações', 0, 0, 'config', '2025-01-06 09:05:59', '2025-01-06 09:05:59'),
	(606, 'Danilo Fernando', 'Mensagens', 3, 0, 'message', '2025-01-06 10:07:27', '2025-01-06 10:07:27'),
	(607, 'Danilo Fernando', 'Programa', 513, 1, 'update', '2025-01-06 10:07:57', '2025-01-06 10:07:57'),
	(608, 'Danilo Fernando', 'AGUA P/ AUTOCLAVE 5L', 482, 1, 'update', '2025-01-06 14:04:54', '2025-01-06 14:04:54'),
	(609, 'Danilo Fernando', 'Configurações', 0, 0, 'config', '2025-01-06 14:05:35', '2025-01-06 14:05:35'),
	(610, 'Danilo Fernando', 'AGUA P/ AUTOCLAVE 5L', 482, 1, 'update', '2025-01-06 14:09:10', '2025-01-06 14:09:10'),
	(611, 'Danilo Fernando', 'AGUA P/ AUTOCLAVE 5L', 482, 1, 'update', '2025-01-06 14:09:19', '2025-01-06 14:09:19'),
	(612, 'Danilo Fernando', 'Produtos Categorias', 474, 1, 'update', '2025-01-06 14:11:07', '2025-01-06 14:11:07'),
	(613, 'Danilo Fernando', 'Linha Odontológica', 475, 1, 'update', '2025-01-06 14:11:17', '2025-01-06 14:11:17'),
	(614, 'Danilo Fernando', 'Linha Veterinária', 477, 1, 'update', '2025-01-06 14:11:27', '2025-01-06 14:11:27'),
	(615, 'Danilo Fernando', 'Materiais Hospitalares', 479, 1, 'update', '2025-01-06 14:11:31', '2025-01-06 14:11:31'),
	(616, 'Danilo Fernando', 'Medicamentos Injetáveis', 478, 1, 'update', '2025-01-06 14:11:35', '2025-01-06 14:11:35'),
	(617, 'Danilo Fernando', 'Exemplo filho 1', 506, 1, 'delete', '2025-01-06 14:20:41', '2025-01-06 14:20:41'),
	(618, 'Danilo Fernando', 'Exemplo filho 2', 507, 1, 'delete', '2025-01-06 14:20:41', '2025-01-06 14:20:41'),
	(619, 'Danilo Fernando', 'Produtos Categorias', 474, 1, 'update', '2025-01-08 19:13:54', '2025-01-08 19:13:54'),
	(620, 'Danilo Fernando', 'Linha Estética', 476, 1, 'update', '2025-01-08 19:14:16', '2025-01-08 19:14:16'),
	(621, 'Danilo Fernando', 'Produtos Categorias', 474, 1, 'update', '2025-01-08 21:43:41', '2025-01-08 21:43:41'),
	(622, 'Danilo Fernando', 'Produtos Categorias', 474, 1, 'update', '2025-01-08 21:44:05', '2025-01-08 21:44:05'),
	(623, 'Danilo Fernando', 'Linha Estética', 476, 1, 'update', '2025-01-08 21:44:37', '2025-01-08 21:44:37'),
	(624, 'Danilo Fernando', 'Linha Estética', 476, 1, 'update', '2025-01-08 21:49:47', '2025-01-08 21:49:47'),
	(625, 'Danilo Fernando', 'Página teste', 515, 1, 'insert', '2025-04-16 15:35:16', '2025-04-16 15:35:16'),
	(626, 'Danilo Fernando', 'Página teste', 515, 1, 'update', '2025-04-16 15:44:23', '2025-04-16 15:44:23'),
	(627, 'Danilo Fernando', 'Página teste', 515, 1, 'update', '2025-04-16 15:51:52', '2025-04-16 15:51:52'),
	(628, 'Danilo Fernando', 'Página teste', 515, 1, 'update', '2025-04-16 15:56:49', '2025-04-16 15:56:49'),
	(629, 'Danilo Fernando', 'Página teste', 515, 1, 'update', '2025-04-16 15:59:07', '2025-04-16 15:59:07'),
	(630, 'Danilo Fernando', 'Página teste', 515, 1, 'update', '2025-04-16 16:01:13', '2025-04-16 16:01:13'),
	(631, 'Danilo Fernando', 'Página teste', 515, 1, 'update', '2025-04-16 16:15:12', '2025-04-16 16:15:12'),
	(632, 'Danilo Fernando', 'Página teste', 515, 1, 'update', '2025-04-16 16:21:43', '2025-04-16 16:21:43'),
	(633, 'Danilo Fernando', 'Interna 1', 516, 1, 'insert', '2025-04-16 16:21:59', '2025-04-16 16:21:59'),
	(634, 'Danilo Fernando', 'Interna 2', 517, 1, 'insert', '2025-04-16 16:22:13', '2025-04-16 16:22:13'),
	(635, 'Danilo Fernando', 'Configurações', 0, 0, 'config', '2025-04-16 16:22:53', '2025-04-16 16:22:53'),
	(636, 'Danilo Fernando', 'Configurações', 0, 0, 'config', '2025-04-16 16:23:08', '2025-04-16 16:23:08'),
	(637, 'Danilo Fernando', 'Interna 2', 518, 1, 'insert', '2025-04-16 16:23:40', '2025-04-16 16:23:40'),
	(638, 'Danilo Fernando', 'Interna 1', 519, 1, 'insert', '2025-04-16 16:23:40', '2025-04-16 16:23:40'),
	(639, 'Danilo Fernando', 'Interna 1 - Cópia', 520, 1, 'insert', '2025-04-16 16:23:44', '2025-04-16 16:23:44'),
	(640, 'Danilo Fernando', 'Interna 2 - Cópia', 521, 1, 'insert', '2025-04-16 16:23:44', '2025-04-16 16:23:44'),
	(641, 'Danilo Fernando', 'Interna 2', 522, 1, 'insert', '2025-04-16 16:23:44', '2025-04-16 16:23:44'),
	(642, 'Danilo Fernando', 'Interna 1', 523, 1, 'insert', '2025-04-16 16:23:44', '2025-04-16 16:23:44'),
	(643, 'Danilo Fernando', 'Configurações', 0, 0, 'config', '2025-04-16 16:26:35', '2025-04-16 16:26:35'),
	(644, 'Danilo Fernando', 'Página teste', 515, 1, 'update', '2025-04-16 16:27:07', '2025-04-16 16:27:07'),
	(645, 'Danilo Fernando', 'Interna destaque 1', 516, 1, 'update', '2025-04-16 16:27:20', '2025-04-16 16:27:20'),
	(646, 'Danilo Fernando', 'Interna destaque 2', 520, 1, 'update', '2025-04-16 16:27:34', '2025-04-16 16:27:34'),
	(647, 'Danilo Fernando', 'Categorias teste', 524, 1, 'insert', '2025-05-07 14:19:10', '2025-05-07 14:19:10'),
	(648, 'Danilo Fernando', 'Categorias teste', 524, 1, 'update', '2025-05-07 14:19:44', '2025-05-07 14:19:44'),
	(649, 'Danilo Fernando', 'Configurações', 0, 0, 'config', '2025-05-07 14:21:22', '2025-05-07 14:21:22'),
	(650, 'Danilo Fernando', 'Categorias teste', 524, 1, 'update', '2025-05-07 14:24:26', '2025-05-07 14:24:26'),
	(651, 'Danilo Fernando', 'Categoria teste 1', 525, 1, 'insert', '2025-05-07 14:24:48', '2025-05-07 14:24:48'),
	(652, 'Danilo Fernando', 'Categoria teste 2', 526, 1, 'insert', '2025-05-07 14:25:02', '2025-05-07 14:25:02'),
	(653, 'Danilo Fernando', 'Categoria teste 3', 527, 1, 'insert', '2025-05-07 14:25:12', '2025-05-07 14:25:12'),
	(654, 'Danilo Fernando', 'Página teste', 515, 1, 'update', '2025-05-07 14:26:52', '2025-05-07 14:26:52'),
	(655, 'Danilo Fernando', 'Interna com categoria', 523, 1, 'update', '2025-05-07 14:27:54', '2025-05-07 14:27:54'),
	(656, 'Danilo Fernando', 'Interna 2', 517, 1, 'update', '2025-05-07 14:46:37', '2025-05-07 14:46:37'),
	(657, 'Danilo Fernando', 'Ciclone nível 3', 519, 1, 'update', '2025-05-07 14:51:17', '2025-05-07 14:51:17'),
	(658, 'Danilo Fernando', 'Página teste', 515, 1, 'update', '2025-05-07 15:04:54', '2025-05-07 15:04:54'),
	(659, 'Danilo Fernando', 'Página teste', 515, 1, 'update', '2025-05-07 15:05:58', '2025-05-07 15:05:58'),
	(660, 'Danilo Fernando', 'Categorias teste', 524, 1, 'update', '2025-05-07 15:06:31', '2025-05-07 15:06:31'),
	(661, 'Danilo Fernando', 'Informática', 525, 1, 'update', '2025-05-07 15:07:18', '2025-05-07 15:07:18'),
	(662, 'Danilo Fernando', 'Monitores', 526, 1, 'update', '2025-05-07 15:07:58', '2025-05-07 15:07:58'),
	(663, 'Danilo Fernando', 'Teclados', 527, 1, 'update', '2025-05-07 15:08:19', '2025-05-07 15:08:19'),
	(664, 'Danilo Fernando', 'Utensílios', 528, 1, 'insert', '2025-05-07 15:14:52', '2025-05-07 15:14:52'),
	(665, 'Danilo Fernando', 'Copos', 529, 1, 'insert', '2025-05-07 15:15:01', '2025-05-07 15:15:01'),
	(666, 'Danilo Fernando', 'Talheres', 530, 1, 'insert', '2025-05-07 15:15:10', '2025-05-07 15:15:10'),
	(667, 'Danilo Fernando', 'Móveis', 531, 1, 'insert', '2025-05-07 15:15:25', '2025-05-07 15:15:25'),
	(668, 'Danilo Fernando', 'Informática', 525, 1, 'update', '2025-05-07 15:35:58', '2025-05-07 15:35:58'),
	(669, 'Danilo Fernando', 'Informática', 525, 1, 'update', '2025-05-07 15:36:03', '2025-05-07 15:36:03'),
	(670, 'Danilo Fernando', 'Test page', 515, 2, 'update', '2025-05-07 16:02:17', '2025-05-07 16:02:17'),
	(671, 'Danilo Fernando', 'Configurações', 0, 0, 'config', '2025-05-07 16:10:16', '2025-05-07 16:10:16'),
	(672, 'Danilo Fernando', 'Configurações', 0, 0, 'config', '2025-05-07 16:15:20', '2025-05-07 16:15:20'),
	(673, 'Danilo Fernando', 'Página teste', 515, 1, 'update', '2025-05-07 16:25:36', '2025-05-07 16:25:36'),
	(674, 'Danilo Fernando', 'Página teste', 515, 1, 'update', '2025-05-07 16:25:55', '2025-05-07 16:25:55');

-- Copiando estrutura para tabela treinamento-raddar-2025.app_mensagens
CREATE TABLE IF NOT EXISTS `app_mensagens` (
  `id` int(11) NOT NULL AUTO_INCREMENT,
  `nome` varchar(300) DEFAULT NULL,
  `email` varchar(50) DEFAULT NULL,
  `telefone` varchar(50) DEFAULT NULL,
  `campos` text,
  `form_name` varchar(300) DEFAULT NULL,
  `idioma` int(11) DEFAULT '1',
  `lida` varchar(250) DEFAULT NULL,
  `created_at` datetime DEFAULT NULL,
  `updated_at` datetime DEFAULT NULL,
  `local` text,
  PRIMARY KEY (`id`)
) ENGINE=InnoDB AUTO_INCREMENT=7 DEFAULT CHARSET=latin1;

-- Copiando dados para a tabela treinamento-raddar-2025.app_mensagens: ~1 rows (aproximadamente)
INSERT IGNORE INTO `app_mensagens` (`id`, `nome`, `email`, `telefone`, `campos`, `form_name`, `idioma`, `lida`, `created_at`, `updated_at`, `local`) VALUES
	(5, 'Danilo Fernando Oliveira', 'dfo.news@outlook.com', '(62) 99999-9999', '{"carrinho":[{"titulo":"GEL P\\/ ULTRASSOM 5KG","valor":"Sob consulta","qtd":"1","subtotal":"Sob consulta"}],"observacoes":"teste"}', 'carrinho', 1, NULL, '2025-01-06 10:50:56', '2025-01-06 10:50:56', NULL),
	(6, 'Danilo fernando', 'pejik51260@harinv.com', '(62) 99999-9999', '[]', 'nome_formulario', 1, NULL, '2025-05-07 16:15:50', '2025-05-07 16:15:50', NULL);

-- Copiando estrutura para tabela treinamento-raddar-2025.app_rd_oportunidades
CREATE TABLE IF NOT EXISTS `app_rd_oportunidades` (
  `id` bigint(20) unsigned NOT NULL AUTO_INCREMENT,
  `id_oportunidade` text COLLATE utf8mb4_unicode_ci,
  `usuario_id` int(11) DEFAULT NULL,
  `usuario_crm_id` text COLLATE utf8mb4_unicode_ci,
  `nome` varchar(250) COLLATE utf8mb4_unicode_ci DEFAULT NULL,
  `email` varchar(250) COLLATE utf8mb4_unicode_ci DEFAULT NULL,
  `telefone` varchar(50) COLLATE utf8mb4_unicode_ci DEFAULT NULL,
  `mensagem` text COLLATE utf8mb4_unicode_ci,
  `formulario` varchar(250) COLLATE utf8mb4_unicode_ci DEFAULT NULL,
  `anotacoes` text COLLATE utf8mb4_unicode_ci,
  `created_at` datetime DEFAULT NULL,
  `updated_at` datetime DEFAULT NULL,
  PRIMARY KEY (`id`)
) ENGINE=InnoDB DEFAULT CHARSET=utf8mb4 COLLATE=utf8mb4_unicode_ci;

-- Copiando dados para a tabela treinamento-raddar-2025.app_rd_oportunidades: ~0 rows (aproximadamente)

-- Copiando estrutura para tabela treinamento-raddar-2025.app_rd_usuarios
CREATE TABLE IF NOT EXISTS `app_rd_usuarios` (
  `id` bigint(20) unsigned NOT NULL AUTO_INCREMENT,
  `nome` varchar(100) COLLATE utf8mb4_unicode_ci DEFAULT NULL,
  `email` varchar(100) COLLATE utf8mb4_unicode_ci DEFAULT NULL,
  `whatsapp` varchar(50) COLLATE utf8mb4_unicode_ci DEFAULT NULL,
  `local` varchar(50) COLLATE utf8mb4_unicode_ci DEFAULT NULL,
  `crm_id` text COLLATE utf8mb4_unicode_ci,
  `rodizio` varchar(11) COLLATE utf8mb4_unicode_ci DEFAULT NULL,
  `created_at` datetime DEFAULT NULL,
  `updated_at` datetime DEFAULT NULL,
  PRIMARY KEY (`id`)
) ENGINE=InnoDB DEFAULT CHARSET=utf8mb4 COLLATE=utf8mb4_unicode_ci;

-- Copiando dados para a tabela treinamento-raddar-2025.app_rd_usuarios: ~0 rows (aproximadamente)

-- Copiando estrutura para tabela treinamento-raddar-2025.app_recuperarsenha
CREATE TABLE IF NOT EXISTS `app_recuperarsenha` (
  `id` int(11) NOT NULL AUTO_INCREMENT,
  `usuario_id` int(11) DEFAULT NULL,
  `usuario_email` varchar(300) DEFAULT NULL,
  `token` varchar(50) DEFAULT NULL,
  `data` datetime DEFAULT NULL,
  PRIMARY KEY (`id`)
) ENGINE=InnoDB DEFAULT CHARSET=latin1;

-- Copiando dados para a tabela treinamento-raddar-2025.app_recuperarsenha: ~0 rows (aproximadamente)

-- Copiando estrutura para tabela treinamento-raddar-2025.app_upload
CREATE TABLE IF NOT EXISTS `app_upload` (
  `id` int(11) NOT NULL AUTO_INCREMENT,
  `file` varchar(300) DEFAULT NULL,
  `type` varchar(50) DEFAULT NULL,
  PRIMARY KEY (`id`)
) ENGINE=InnoDB AUTO_INCREMENT=594 DEFAULT CHARSET=latin1;

-- Copiando dados para a tabela treinamento-raddar-2025.app_upload: ~79 rows (aproximadamente)
INSERT IGNORE INTO `app_upload` (`id`, `file`, `type`) VALUES
	(492, 'logo.png', 'image'),
	(493, 'logo-rodape.png', 'image'),
	(494, 'fav-icon.png', 'image'),
	(495, 'linha-odontologica-white.png', 'image'),
	(496, 'linha-estetica.png', 'image'),
	(497, 'linha-estetica-green.png', 'image'),
	(498, 'linha-odontologica-green.png', 'image'),
	(499, 'linha-odontologica-white_1.png', 'image'),
	(500, 'linha-veterinaria.png', 'image'),
	(501, 'linha-veterinaria-green.png', 'image'),
	(502, 'materiais-hospitalares.png', 'image'),
	(503, 'materiais-hospitalares-green.png', 'image'),
	(504, 'medicamentos-injetaveis.png', 'image'),
	(505, 'medicamentos-injetaveis-green.png', 'image'),
	(506, 'banner-desktop.jpg', 'image'),
	(507, 'image 101.png', 'image'),
	(508, 'image 102.png', 'image'),
	(509, 'image 103.png', 'image'),
	(510, 'image 104.png', 'image'),
	(511, 'index-formulario.png', 'image'),
	(512, '1-frota-propria.png', 'image'),
	(513, '2-estoque.png', 'image'),
	(514, '3-precos.png', 'image'),
	(515, '4-pagamento.png', 'image'),
	(516, 'image 93.png', 'image'),
	(517, 'image 94.png', 'image'),
	(518, 'image 95.png', 'image'),
	(519, 'image 96.png', 'image'),
	(520, 'promo.jpg', 'image'),
	(521, 'image 97.png', 'image'),
	(522, 'image 98.png', 'image'),
	(523, 'image 99.png', 'image'),
	(524, 'image 100.png', 'image'),
	(525, 'Placeholder.png', 'image'),
	(526, 'Placeholder-1.png', 'image'),
	(527, 'fornecedores.png', 'image'),
	(550, 'image 44.png', 'image'),
	(551, 'image 45.png', 'image'),
	(552, 'image 46.png', 'image'),
	(553, 'image 47.png', 'image'),
	(554, 'image 48.png', 'image'),
	(555, 'image 49.png', 'image'),
	(556, 'image 50.png', 'image'),
	(557, 'image 51.png', 'image'),
	(558, 'image 52.png', 'image'),
	(559, 'image 53.png', 'image'),
	(560, 'image 54.png', 'image'),
	(561, 'image 55.png', 'image'),
	(562, 'image 56.png', 'image'),
	(563, 'image 57.png', 'image'),
	(564, 'image 58.png', 'image'),
	(565, 'image 59.png', 'image'),
	(566, 'image 60.png', 'image'),
	(567, 'image 61.png', 'image'),
	(568, 'image 62.png', 'image'),
	(569, 'image 68.png', 'image'),
	(570, '1.png', 'image'),
	(571, '2.png', 'image'),
	(572, '3.png', 'image'),
	(573, 'image 38.png', 'image'),
	(574, 'image.png', 'image'),
	(575, 'image-1.png', 'image'),
	(576, 'post-1.jpg', 'image'),
	(577, 'post-2.jpg', 'image'),
	(578, 'post-3.jpg', 'image'),
	(579, 'sobre.png', 'image'),
	(580, 'image_1.png', 'image'),
	(581, 'image-1_1.png', 'image'),
	(582, 'image-2.png', 'image'),
	(583, 'image-3.png', 'image'),
	(584, 'image 44_1.png', 'image'),
	(585, 'image 48_1.png', 'image'),
	(586, 'image 23.png', 'image'),
	(587, 'image 78.png', 'image'),
	(588, 'image 56_1.png', 'image'),
	(589, 'image 70.png', 'image'),
	(590, 'image 71.png', 'image'),
	(591, 'image 72.png', 'image'),
	(592, 'hospitalzinho.jpg', 'image'),
	(593, 'wallpaperflare.com_wallpaper.jpg', 'image');

-- Copiando estrutura para tabela treinamento-raddar-2025.app_usuarios
CREATE TABLE IF NOT EXISTS `app_usuarios` (
  `id` int(11) NOT NULL AUTO_INCREMENT,
  `nome` varchar(300) NOT NULL DEFAULT '0',
  `email` varchar(300) DEFAULT NULL,
  `telefone` varchar(50) DEFAULT NULL,
  `senha` text,
  `cargo` varchar(300) DEFAULT NULL,
  `permissao_geral` int(11) DEFAULT NULL,
  `permissao_paginas` text,
  `created_at` datetime DEFAULT NULL,
  `updated_at` datetime DEFAULT NULL,
  `permissoes` text,
  PRIMARY KEY (`id`)
) ENGINE=InnoDB AUTO_INCREMENT=2 DEFAULT CHARSET=latin1;

-- Copiando dados para a tabela treinamento-raddar-2025.app_usuarios: ~0 rows (aproximadamente)
INSERT IGNORE INTO `app_usuarios` (`id`, `nome`, `email`, `telefone`, `senha`, `cargo`, `permissao_geral`, `permissao_paginas`, `created_at`, `updated_at`, `permissoes`) VALUES
	(1, 'Danilo Fernando', 'danilofo', '(62)982504830', '$2y$10$l0G7lKPzQpsoGPdWE8WM3OjVWwIzDNZyOWNsI8Z62PUH3fw7CbJ5C', NULL, 1, 'null', NULL, '2024-10-08 18:09:56', '{"crm":true,"conf":true,"users":true,"crm_relatorio":true,"crm_contato":true,"crm_gerenciar":true,"dev":true,"messages":true,"inserir":true,"editar":true,"ler":true,"listar":true}');

-- Copiando estrutura para tabela treinamento-raddar-2025.migrations
CREATE TABLE IF NOT EXISTS `migrations` (
  `id` int(10) unsigned NOT NULL AUTO_INCREMENT,
  `migration` varchar(255) COLLATE utf8mb4_unicode_ci NOT NULL,
  `batch` int(11) NOT NULL,
  PRIMARY KEY (`id`)
) ENGINE=InnoDB AUTO_INCREMENT=27 DEFAULT CHARSET=utf8mb4 COLLATE=utf8mb4_unicode_ci;

-- Copiando dados para a tabela treinamento-raddar-2025.migrations: ~21 rows (aproximadamente)
INSERT IGNORE INTO `migrations` (`id`, `migration`, `batch`) VALUES
	(6, '2021_07_26_125612_atualizar_app', 1),
	(7, '2021_08_05_140900_atualizacao_relatorio', 1),
	(8, '2021_08_10_162745_atualizar_permissoes', 1),
	(9, '2021_08_31_160146_atualizacao_crm_rodizio', 1),
	(10, '2021_09_01_160224_atualizar_conf_crm', 1),
	(11, '2021_09_03_121630_atualizar_crm_oportunidades', 1),
	(12, '2021_09_20_150954_formularios_crm', 1),
	(13, '2021_09_20_181033_remover_funil_sem_etapa', 1),
	(14, '2021_09_24_103513_app_crm_produtos_oportunidades', 2),
	(15, '2021_09_30_104355_app_crm_fontes_oportunidades', 3),
	(16, '2021_10_06_104051_grupo_funil', 4),
	(17, '2021_10_08_105020_funil_cores', 5),
	(18, '2021_10_26_074321_app_mensagens_local', 6),
	(19, '2021_10_26_161340_interacao_new', 6),
	(20, '2021_11_29_154213_popular_dados_crm', 7),
	(21, '2021_12_03_150329_rdstation_crm', 7),
	(22, '2022_01_10_133856_crm_raddar_digital', 8),
	(23, '2022_08_04_092533_ordenamento_conteudo', 8),
	(24, '2022_08_09_080700_nectar_crm', 8),
	(25, '2023_05_09_103754_limite_campos', 8),
	(26, '2023_06_12_094538_tamanho_campo_texto', 8);

/*!40103 SET TIME_ZONE=IFNULL(@OLD_TIME_ZONE, 'system') */;
/*!40101 SET SQL_MODE=IFNULL(@OLD_SQL_MODE, '') */;
/*!40014 SET FOREIGN_KEY_CHECKS=IFNULL(@OLD_FOREIGN_KEY_CHECKS, 1) */;
/*!40101 SET CHARACTER_SET_CLIENT=@OLD_CHARACTER_SET_CLIENT */;
/*!40111 SET SQL_NOTES=IFNULL(@OLD_SQL_NOTES, 1) */;
